regime,dataset,h,model,nde_epoch8,nde_epoch2400,nde_recovery,rank_ratio_epoch8,rank_ratio_epoch2400,rank_ratio_recovery,pairwise_epoch8,pairwise_epoch2400,pairwise_recovery,margin_epoch8,margin_epoch2400,margin_recovery,effective_rank_epoch8,effective_rank_epoch2400,effective_rank_recovery
lowlabel,PubMed,0.1,GraphSAGE,2.775866543982008e-09,5.200054001849389e-26,-2.775866543982008e-09,0.0852515947073697,0.0078125,-0.0774390947073697,0.0,0.0,0.0,-2.8058391166041476e-10,0.0,2.8058391166041476e-10,10.912204122543322,1.0,-9.912204122543322
lowlabel,PubMed,0.1,GraphSAGEPairNorm,2.8342568759255533,2.651520394619709,-0.1827364813058443,0.0229574799537658,0.0366219989955424,0.013664519041776603,0.9962528705596924,0.9972323775291444,0.0009795069694520375,0.4769102096557617,0.8252418160438537,0.348331606388092,2.938557434082022,4.687615871429427,1.7490584373474052
lowlabel,PubMed,0.5,GraphSAGE,2.8069546639670277e-09,2.789631129693702e-20,-2.8069546639391315e-09,0.0363131649792193,0.0078131902962922,-0.028499974682927098,0.0,0.0,0.0,6.878600800064305e-10,0.0,-6.878600800064305e-10,4.64808511734007,1.0000883579254016,-3.6479967594146685
lowlabel,PubMed,0.5,GraphSAGEPairNorm,0.341048292090588,1.4039221769692596,1.0628738848786716,0.0561069466173648,0.0376080386340617,-0.0184989079833031,0.988506531715393,0.9958290696144104,0.007322537899017378,0.2295331835746764,0.6462756633758545,0.4167424798011781,7.181689167022695,4.813828945159898,-2.367860221862797
lowlabel,PubMed,0.9,GraphSAGE,4.0817871427671305e-07,0.1336825637473817,0.13368215556866742,0.0155348049476742,0.0197958182543515,0.004261013306677301,1.1086463928222655e-06,0.6658633828163147,0.6658622741699219,1.2326770858273052e-06,0.6842620819807053,0.6842608493036194,1.9884550333022977,2.533864736556992,0.5454097032546945
lowlabel,PubMed,0.9,GraphSAGEPairNorm,0.0827337420191321,0.2314612940350297,0.1487275520158976,0.0228605017066001,0.0271595280617475,0.004299026355147402,0.99425528049469,0.9963122963905334,0.002057015895843395,0.9657091081142426,0.9901046335697176,0.024395525455474965,2.9261442184448128,3.47641959190368,0.5502753734588675
lowlabel,Roman-Empire,0.1,GraphSAGE,2.1972549263034338e-06,1.2111419734744575,1.2111397762195313,0.0445766776800155,0.0881100669503211,0.0435333892703056,7.975101470947266e-06,0.7508522868156433,0.7508443117141723,1.372475435346132e-06,0.2907994270324707,0.29079805455703533,5.705814743041984,11.2780885696411,5.572273826599117
lowlabel,Roman-Empire,0.1,GraphSAGEPairNorm,1.8161096455459955,1.6852923390492016,-0.1308173064967939,0.0538947373628615,0.1325611531734466,0.0786664158105851,0.9746389508247376,0.9982576131820678,0.023618662357330233,0.1887040138244628,0.3682564735412598,0.17955245971679698,6.898526382446272,16.967827606201165,10.069301223754893
lowlabel,Roman-Empire,0.5,GraphSAGE,2.5713650480880617e-06,0.2842386859263724,0.2842361145613243,0.0515877988189458,0.0904622003436087,0.038874401524662906,9.632110595703125e-06,0.844292688369751,0.8442830562591553,9.049068455624364e-06,0.6785766690969467,0.678567620028491,6.603238248825062,11.579161643981914,4.975923395156852
lowlabel,Roman-Empire,0.5,GraphSAGEPairNorm,0.3300196789196769,0.7258766149029532,0.3958569359832763,0.0387499462813138,0.1564590960741042,0.11770914979279039,0.9955034375190734,0.997271966934204,0.0017685294151305042,0.4409653127193451,0.7362833440303802,0.2953180313110351,4.959993124008166,20.026764297485336,15.06677117347717
lowlabel,Roman-Empire,0.9,GraphSAGE,0.0002863906744787,0.0820386993361909,0.0817523086617122,0.0317511532455682,0.0778802745044231,0.0461291212588549,0.0001928329467773,0.8605968356132507,0.8604040026664734,8.463795757620232e-05,0.8817845262587071,0.8816998883011309,4.06414761543273,9.968675136566157,5.904527521133427
lowlabel,Roman-Empire,0.9,GraphSAGEPairNorm,0.0241336987577039,0.1870706376120253,0.1629369388543214,0.0190100416541099,0.1341994315385818,0.1151893898844719,0.946135985851288,0.9975224494934082,0.051386463642120184,0.5386821173131466,0.9695353649556636,0.430853247642517,2.433285331726067,17.17752723693847,14.744241905212403
replicated,PubMed,0.1,GraphSAGE,4.4190509532097365e-09,4.3996248231877474e-29,-4.4190509532097365e-09,0.030640929378569,0.0078125,-0.022828429378569,0.0,2.384185791015625e-08,2.384185791015625e-08,-1.539909533221362e-10,0.0,1.539909533221362e-10,3.922038960456832,1.0,-2.922038960456832
replicated,PubMed,0.1,GraphSAGEPairNorm,2.925512366582017,2.780028546836429,-0.14548381974558788,0.0171562718227505,0.029913993179798,0.012757721357047499,0.9928348422050476,0.9969568133354187,0.00412197113037116,0.5293609023094177,1.1458546698093417,0.616493767499924,2.196002793312064,3.828991127014144,1.6329883337020799
replicated,PubMed,0.5,GraphSAGE,7.583381779015889e-09,7.088009826776975e-24,-7.583381779015882e-09,0.0224437350407242,0.0078127963468432,-0.014630938693881,0.0,7.152557373046876e-08,7.152557373046876e-08,1.1175869119028903e-09,0.0,-1.1175869119028903e-09,2.8727980852126977,1.0000379323959296,-1.872760152816768
replicated,PubMed,0.5,GraphSAGEPairNorm,0.4916486412443501,1.4884718540033135,0.9968232127589634,0.0346218440681695,0.0310357414186,-0.003586102649569496,0.985487711429596,0.9942190766334532,0.0087313652038572,0.3281699895858764,1.0051715135574342,0.6770015239715578,4.431596040725696,3.9725749015808,-0.4590211391448955
replicated,Roman-Empire,0.1,GraphSAGE,1.2644688792288696e-06,1.1048859227517087,1.1048846582828296,0.0328333655372261,0.1223481610417365,0.0895147955045104,5.030632019042969e-06,0.7133695244789123,0.7133644938468933,1.2293576901356573e-06,0.4148584544658661,0.41485722510817596,4.202670788764941,15.660564613342272,11.457893824577331
replicated,Roman-Empire,0.1,GraphSAGEPairNorm,1.989957957135564,1.7968650826446697,-0.19309287449089418,0.0304551742970943,0.1322977900505065,0.10184261575341219,0.9582494020462036,0.997798764705658,0.03954936265945441,0.2695002317428588,0.7584566593170166,0.48895642757415775,3.89826231002807,16.93411712646483,13.03585481643676
replicated,Roman-Empire,0.5,GraphSAGE,0.0034543166092964,0.5532591292148668,0.5498048126055703,0.0280371833592652,0.0991215109825133,0.0710843276232481,0.0010965108871459,0.8504040837287903,0.8493075728416444,0.0007029199886829,0.7642693877220154,0.7635664677333325,3.5887594699859457,12.687553405761703,9.098793935775756
replicated,Roman-Empire,0.5,GraphSAGEPairNorm,0.6492484649080505,0.7806631949523648,0.13141473004431425,0.0300720956176518,0.1475972473621368,0.11752515174448501,0.989658784866333,0.9970077276229858,0.0073489427566528764,0.4757675111293792,0.9111958339810372,0.435428322851658,3.8492282390594306,18.89244766235351,15.043219423294081
