dataset,model,num_layers,hidden_channels,learning_rate,seed,split_idx,best_epoch_400,best_val_acc_400,test_acc_at_best_val_400,best_epoch_800,best_val_acc_800,test_acc_at_best_val_800,validation_gain_800_minus_400,test_gain_800_minus_400,best_epoch_shift,optimum_after_400,optimum_at_800_cap,optimum_last_10_percent,final_val_acc,final_test_acc,final_loss,summary_path,history_path
Amazon-Ratings,GraphSAGE,4,128,0.005,1,0,385,0.4897925853339866,0.4876694430834558,689,0.4997550220480157,0.5056344928956394,0.009962436714029077,0.017965049812183664,304,True,False,False,0.4964886493548914,0.5051445369916707,0.701000988483429,runs/amazon_ratings_selected_lr_800ep/Amazon-Ratings_GraphSAGE_L4_H128_seed1_split0_summary.json,runs/amazon_ratings_selected_lr_800ep/Amazon-Ratings_GraphSAGE_L4_H128_seed1_split0_history.csv
Amazon-Ratings,GraphSAGE,4,128,0.005,1,1,385,0.4953454189122979,0.4839131144863628,793,0.5066144047035767,0.4955087375469541,0.011268985791278774,0.011595623060591309,408,True,False,True,0.5025314388371713,0.4912624530458925,0.6865071058273315,runs/amazon_ratings_selected_lr_800ep/Amazon-Ratings_GraphSAGE_L4_H128_seed1_split1_summary.json,runs/amazon_ratings_selected_lr_800ep/Amazon-Ratings_GraphSAGE_L4_H128_seed1_split1_history.csv
Amazon-Ratings,GraphSAGE,4,128,0.005,1,2,369,0.501551527029234,0.4894659480646742,738,0.5097174587620448,0.5012248897599216,0.008165931732810772,0.011758941695247438,369,True,False,True,0.5000816593173281,0.4964886493548914,0.7775993943214417,runs/amazon_ratings_selected_lr_800ep/Amazon-Ratings_GraphSAGE_L4_H128_seed1_split2_summary.json,runs/amazon_ratings_selected_lr_800ep/Amazon-Ratings_GraphSAGE_L4_H128_seed1_split2_history.csv
Amazon-Ratings,GraphSAGE,4,128,0.005,1,3,377,0.4866895312755185,0.4830965213130818,791,0.5079209537808264,0.4942021884697044,0.02123142250530785,0.01110566715662259,414,True,False,True,0.5022048015678588,0.4919157275845174,0.7088162899017334,runs/amazon_ratings_selected_lr_800ep/Amazon-Ratings_GraphSAGE_L4_H128_seed1_split3_summary.json,runs/amazon_ratings_selected_lr_800ep/Amazon-Ratings_GraphSAGE_L4_H128_seed1_split3_history.csv
Amazon-Ratings,GraphSAGE,4,128,0.005,1,4,382,0.4889759921607055,0.4861995753715499,664,0.5113506451086068,0.4981218357014535,0.022374652947901363,0.011922260329903622,282,True,False,False,0.503837987914421,0.5056344928956394,0.6542844772338867,runs/amazon_ratings_selected_lr_800ep/Amazon-Ratings_GraphSAGE_L4_H128_seed1_split4_summary.json,runs/amazon_ratings_selected_lr_800ep/Amazon-Ratings_GraphSAGE_L4_H128_seed1_split4_history.csv
Amazon-Ratings,GraphSAGE,4,128,0.005,1,5,368,0.4868528499101747,0.4803201045239262,740,0.4987751102400783,0.4974685611628286,0.011922260329903622,0.01714845663890241,372,True,False,True,0.4937122325657357,0.4971419238935162,0.7080971002578735,runs/amazon_ratings_selected_lr_800ep/Amazon-Ratings_GraphSAGE_L4_H128_seed1_split5_summary.json,runs/amazon_ratings_selected_lr_800ep/Amazon-Ratings_GraphSAGE_L4_H128_seed1_split5_history.csv
Amazon-Ratings,GraphSAGE,4,128,0.005,1,6,375,0.4948554630083293,0.4902825412379552,758,0.5090641842234199,0.4986117916054222,0.014208721215090647,0.008329250367466956,383,True,False,True,0.5090641842234199,0.5004082965866405,0.6806328296661377,runs/amazon_ratings_selected_lr_800ep/Amazon-Ratings_GraphSAGE_L4_H128_seed1_split6_summary.json,runs/amazon_ratings_selected_lr_800ep/Amazon-Ratings_GraphSAGE_L4_H128_seed1_split6_history.csv
Amazon-Ratings,GraphSAGE,4,128,0.005,1,7,392,0.4881593989874244,0.4795035113506451,529,0.4950187816429854,0.4875061244487996,0.006859382655561019,0.008002613098154476,137,True,False,False,0.4852196635636126,0.490119222603299,0.7106730937957764,runs/amazon_ratings_selected_lr_800ep/Amazon-Ratings_GraphSAGE_L4_H128_seed1_split7_summary.json,runs/amazon_ratings_selected_lr_800ep/Amazon-Ratings_GraphSAGE_L4_H128_seed1_split7_history.csv
Amazon-Ratings,GraphSAGE,4,128,0.005,1,8,400,0.4982851543361097,0.4850563449289564,799,0.5046545810877021,0.5025314388371713,0.006369426751592411,0.017475093908214945,399,True,False,True,0.5041646251837335,0.5023681202025151,0.6595035195350647,runs/amazon_ratings_selected_lr_800ep/Amazon-Ratings_GraphSAGE_L4_H128_seed1_split8_summary.json,runs/amazon_ratings_selected_lr_800ep/Amazon-Ratings_GraphSAGE_L4_H128_seed1_split8_history.csv
Amazon-Ratings,GraphSAGE,4,128,0.005,1,9,392,0.4842397517556753,0.4775436877347705,704,0.4979585170667973,0.5067777233382329,0.013718765311121983,0.029234035603462383,312,True,False,False,0.4879960803527682,0.4956720561816103,0.700850248336792,runs/amazon_ratings_selected_lr_800ep/Amazon-Ratings_GraphSAGE_L4_H128_seed1_split9_summary.json,runs/amazon_ratings_selected_lr_800ep/Amazon-Ratings_GraphSAGE_L4_H128_seed1_split9_history.csv
Amazon-Ratings,GraphSAGE,8,128,0.003,1,0,398,0.4666013392128041,0.4617017801731177,672,0.478686918177364,0.4731340845990527,0.012085578964559862,0.011432304425935014,274,True,False,False,0.4638249224236485,0.4576188143067124,1.0745744705200195,runs/amazon_ratings_selected_lr_800ep/Amazon-Ratings_GraphSAGE_L8_H128_seed1_split0_summary.json,runs/amazon_ratings_selected_lr_800ep/Amazon-Ratings_GraphSAGE_L8_H128_seed1_split0_history.csv
Amazon-Ratings,GraphSAGE,8,128,0.003,1,1,399,0.4703576678098971,0.4690511187326474,776,0.4847297076596439,0.4865262126408623,0.014372039849746832,0.017475093908214945,377,True,False,True,0.4737873591376776,0.4795035113506451,1.0059192180633545,runs/amazon_ratings_selected_lr_800ep/Amazon-Ratings_GraphSAGE_L8_H128_seed1_split1_summary.json,runs/amazon_ratings_selected_lr_800ep/Amazon-Ratings_GraphSAGE_L8_H128_seed1_split1_history.csv
Amazon-Ratings,GraphSAGE,8,128,0.003,1,2,392,0.4715008982524906,0.4724808100604279,756,0.4795035113506451,0.4749305895802711,0.008002613098154532,0.0024497795198432093,364,True,False,True,0.4682345255593663,0.461865098807774,1.0649124383926392,runs/amazon_ratings_selected_lr_800ep/Amazon-Ratings_GraphSAGE_L8_H128_seed1_split2_summary.json,runs/amazon_ratings_selected_lr_800ep/Amazon-Ratings_GraphSAGE_L8_H128_seed1_split2_history.csv
Amazon-Ratings,GraphSAGE,8,128,0.003,1,3,351,0.4705209864445533,0.4652947901355544,780,0.4847297076596439,0.4760738200228646,0.014208721215090592,0.010779029887310165,429,True,False,True,0.4819532908704883,0.4783602809080516,1.0446515083312988,runs/amazon_ratings_selected_lr_800ep/Amazon-Ratings_GraphSAGE_L8_H128_seed1_split3_summary.json,runs/amazon_ratings_selected_lr_800ep/Amazon-Ratings_GraphSAGE_L8_H128_seed1_split3_history.csv
Amazon-Ratings,GraphSAGE,8,128,0.003,1,4,389,0.466438020578148,0.4679078882900539,631,0.4737873591376776,0.4723174914257717,0.007349338559529628,0.0044096031357177545,242,True,False,False,0.4617017801731177,0.4564755838641189,1.0716519355773926,runs/amazon_ratings_selected_lr_800ep/Amazon-Ratings_GraphSAGE_L8_H128_seed1_split4_summary.json,runs/amazon_ratings_selected_lr_800ep/Amazon-Ratings_GraphSAGE_L8_H128_seed1_split4_history.csv
Amazon-Ratings,GraphSAGE,8,128,0.003,1,5,396,0.462681691981055,0.4592520006532745,705,0.4791768740813327,0.4770537318308019,0.016495182100277672,0.017801731177527425,309,True,False,False,0.4476563775926833,0.4501061571125265,1.1263493299484253,runs/amazon_ratings_selected_lr_800ep/Amazon-Ratings_GraphSAGE_L8_H128_seed1_split5_summary.json,runs/amazon_ratings_selected_lr_800ep/Amazon-Ratings_GraphSAGE_L8_H128_seed1_split5_history.csv
Amazon-Ratings,GraphSAGE,8,128,0.003,1,6,368,0.4755838641188959,0.4721541727911155,766,0.4827698840437694,0.469541074636616,0.007186019924873499,-0.0026130981544995047,398,True,False,True,0.4687244814633349,0.4594153192879308,1.0548105239868164,runs/amazon_ratings_selected_lr_800ep/Amazon-Ratings_GraphSAGE_L8_H128_seed1_split6_summary.json,runs/amazon_ratings_selected_lr_800ep/Amazon-Ratings_GraphSAGE_L8_H128_seed1_split6_history.csv
Amazon-Ratings,GraphSAGE,8,128,0.003,1,7,372,0.461865098807774,0.466438020578148,731,0.4850563449289564,0.4791768740813327,0.023191246121182396,0.01273885350318471,359,True,False,True,0.4770537318308019,0.4816266536011759,1.0307374000549316,runs/amazon_ratings_selected_lr_800ep/Amazon-Ratings_GraphSAGE_L8_H128_seed1_split7_summary.json,runs/amazon_ratings_selected_lr_800ep/Amazon-Ratings_GraphSAGE_L8_H128_seed1_split7_history.csv
Amazon-Ratings,GraphSAGE,8,128,0.003,1,8,385,0.4638249224236485,0.4608851869998366,684,0.4772170504654581,0.4731340845990527,0.013392128041809614,0.012248897599216102,299,True,False,False,0.4762371386575208,0.4705209864445533,1.063658595085144,runs/amazon_ratings_selected_lr_800ep/Amazon-Ratings_GraphSAGE_L8_H128_seed1_split8_summary.json,runs/amazon_ratings_selected_lr_800ep/Amazon-Ratings_GraphSAGE_L8_H128_seed1_split8_history.csv
Amazon-Ratings,GraphSAGE,8,128,0.003,1,9,395,0.4643148783276172,0.4564755838641189,698,0.476400457292177,0.4698677119059284,0.012085578964559807,0.013392128041809503,303,True,False,False,0.4698677119059284,0.4701943491752409,1.003920555114746,runs/amazon_ratings_selected_lr_800ep/Amazon-Ratings_GraphSAGE_L8_H128_seed1_split9_summary.json,runs/amazon_ratings_selected_lr_800ep/Amazon-Ratings_GraphSAGE_L8_H128_seed1_split9_history.csv
Amazon-Ratings,GraphSAGEPairNorm,4,128,0.01,1,0,345,0.5133104687244815,0.5084109096847951,545,0.5182100277641679,0.5159235668789809,0.004899559039686419,0.007512657194185812,200,True,False,False,0.5057978115302956,0.5128205128205128,0.6305688619613647,runs/amazon_ratings_selected_lr_800ep/Amazon-Ratings_GraphSAGEPairNorm_L4_H128_seed1_split0_summary.json,runs/amazon_ratings_selected_lr_800ep/Amazon-Ratings_GraphSAGEPairNorm_L4_H128_seed1_split0_history.csv
Amazon-Ratings,GraphSAGEPairNorm,4,128,0.01,1,1,351,0.5211497631879798,0.5103707333006696,732,0.530458925363384,0.5138004246284501,0.009309162175404229,0.003429691327780482,381,True,False,True,0.5299689694594153,0.5252327290543851,0.6549894213676453,runs/amazon_ratings_selected_lr_800ep/Amazon-Ratings_GraphSAGEPairNorm_L4_H128_seed1_split1_summary.json,runs/amazon_ratings_selected_lr_800ep/Amazon-Ratings_GraphSAGEPairNorm_L4_H128_seed1_split1_history.csv
Amazon-Ratings,GraphSAGEPairNorm,4,128,0.01,1,2,362,0.5242528172464478,0.5173934345908868,362,0.5242528172464478,0.5173934345908868,0.0,0.0,0,False,False,False,0.5138004246284501,0.514453699167075,0.6273593306541443,runs/amazon_ratings_selected_lr_800ep/Amazon-Ratings_GraphSAGEPairNorm_L4_H128_seed1_split2_summary.json,runs/amazon_ratings_selected_lr_800ep/Amazon-Ratings_GraphSAGEPairNorm_L4_H128_seed1_split2_history.csv
Amazon-Ratings,GraphSAGEPairNorm,4,128,0.01,1,3,390,0.5173934345908868,0.5035113506451087,697,0.5237628613424792,0.5151069737056998,0.006369426751592355,0.011595623060591143,307,True,False,False,0.5200065327453862,0.5177200718601992,0.6476922631263733,runs/amazon_ratings_selected_lr_800ep/Amazon-Ratings_GraphSAGEPairNorm_L4_H128_seed1_split3_summary.json,runs/amazon_ratings_selected_lr_800ep/Amazon-Ratings_GraphSAGEPairNorm_L4_H128_seed1_split3_history.csv
Amazon-Ratings,GraphSAGEPairNorm,4,128,0.01,1,4,321,0.5288257390168218,0.5139637432631063,601,0.531275518536665,0.5227829495345419,0.002449779519843154,0.008819206271435509,280,True,False,False,0.5216397190919484,0.5147803364363874,0.6321605443954468,runs/amazon_ratings_selected_lr_800ep/Amazon-Ratings_GraphSAGEPairNorm_L4_H128_seed1_split4_summary.json,runs/amazon_ratings_selected_lr_800ep/Amazon-Ratings_GraphSAGEPairNorm_L4_H128_seed1_split4_history.csv
Amazon-Ratings,GraphSAGEPairNorm,4,128,0.01,1,5,375,0.5219663563612609,0.5206598072840111,575,0.5286624203821656,0.52588600359301,0.006696064020904724,0.005226196308998898,200,True,False,False,0.5151069737056998,0.52588600359301,0.612437903881073,runs/amazon_ratings_selected_lr_800ep/Amazon-Ratings_GraphSAGEPairNorm_L4_H128_seed1_split5_summary.json,runs/amazon_ratings_selected_lr_800ep/Amazon-Ratings_GraphSAGEPairNorm_L4_H128_seed1_split5_history.csv
Amazon-Ratings,GraphSAGEPairNorm,4,128,0.01,1,6,343,0.5216397190919484,0.5121672382818879,725,0.5329087048832272,0.5235995427078229,0.011268985791278774,0.011432304425935014,382,True,False,True,0.5255593663236975,0.5255593663236975,0.6542987823486328,runs/amazon_ratings_selected_lr_800ep/Amazon-Ratings_GraphSAGEPairNorm_L4_H128_seed1_split6_summary.json,runs/amazon_ratings_selected_lr_800ep/Amazon-Ratings_GraphSAGEPairNorm_L4_H128_seed1_split6_history.csv
Amazon-Ratings,GraphSAGEPairNorm,4,128,0.01,1,7,400,0.514453699167075,0.5116772823779193,799,0.5206598072840111,0.5113506451086068,0.006206108116936115,-0.0003266372693124797,399,True,False,True,0.5160868855136371,0.5131471500898253,0.6383822560310364,runs/amazon_ratings_selected_lr_800ep/Amazon-Ratings_GraphSAGEPairNorm_L4_H128_seed1_split7_summary.json,runs/amazon_ratings_selected_lr_800ep/Amazon-Ratings_GraphSAGEPairNorm_L4_H128_seed1_split7_history.csv
Amazon-Ratings,GraphSAGEPairNorm,4,128,0.01,1,8,352,0.5162502041482934,0.5041646251837335,656,0.5177200718601992,0.5084109096847951,0.0014698677119058257,0.00424628450106157,304,True,False,False,0.5072676792422015,0.5051445369916707,0.6284651160240173,runs/amazon_ratings_selected_lr_800ep/Amazon-Ratings_GraphSAGEPairNorm_L4_H128_seed1_split8_summary.json,runs/amazon_ratings_selected_lr_800ep/Amazon-Ratings_GraphSAGEPairNorm_L4_H128_seed1_split8_history.csv
Amazon-Ratings,GraphSAGEPairNorm,4,128,0.01,1,9,311,0.5131471500898253,0.5059611301649518,543,0.5165768414176057,0.5082475910501388,0.003429691327780482,0.002286460885187025,232,True,False,False,0.5095541401273885,0.5077576351461702,0.6302485466003418,runs/amazon_ratings_selected_lr_800ep/Amazon-Ratings_GraphSAGEPairNorm_L4_H128_seed1_split9_summary.json,runs/amazon_ratings_selected_lr_800ep/Amazon-Ratings_GraphSAGEPairNorm_L4_H128_seed1_split9_history.csv
Amazon-Ratings,GraphSAGEPairNorm,8,128,0.005,1,0,395,0.5066144047035767,0.5046545810877021,588,0.5147803364363874,0.5147803364363874,0.008165931732810772,0.010125755348685317,193,True,False,False,0.5051445369916707,0.5111873264739507,0.6922855377197266,runs/amazon_ratings_selected_lr_800ep/Amazon-Ratings_GraphSAGEPairNorm_L8_H128_seed1_split0_summary.json,runs/amazon_ratings_selected_lr_800ep/Amazon-Ratings_GraphSAGEPairNorm_L8_H128_seed1_split0_history.csv
Amazon-Ratings,GraphSAGEPairNorm,8,128,0.005,1,1,383,0.5110240078392945,0.5005716152212968,594,0.5185366650334803,0.5100440960313571,0.007512657194185812,0.009472480810060357,211,True,False,False,0.5090641842234199,0.5124938755512004,0.7206920981407166,runs/amazon_ratings_selected_lr_800ep/Amazon-Ratings_GraphSAGEPairNorm_L8_H128_seed1_split1_summary.json,runs/amazon_ratings_selected_lr_800ep/Amazon-Ratings_GraphSAGEPairNorm_L8_H128_seed1_split1_history.csv
Amazon-Ratings,GraphSAGEPairNorm,8,128,0.005,1,2,331,0.5133104687244815,0.5057978115302956,720,0.5229462681691981,0.5159235668789809,0.009635799444716597,0.010125755348685317,389,True,False,True,0.5138004246284501,0.5121672382818879,0.6986188292503357,runs/amazon_ratings_selected_lr_800ep/Amazon-Ratings_GraphSAGEPairNorm_L8_H128_seed1_split2_summary.json,runs/amazon_ratings_selected_lr_800ep/Amazon-Ratings_GraphSAGEPairNorm_L8_H128_seed1_split2_history.csv
Amazon-Ratings,GraphSAGEPairNorm,8,128,0.005,1,3,397,0.5049812183570145,0.499265066144047,754,0.5095541401273885,0.4951821002776417,0.00457292177037405,-0.004082965866405275,357,True,False,True,0.5028580761064837,0.5105340519353259,0.7135618329048157,runs/amazon_ratings_selected_lr_800ep/Amazon-Ratings_GraphSAGEPairNorm_L8_H128_seed1_split3_summary.json,runs/amazon_ratings_selected_lr_800ep/Amazon-Ratings_GraphSAGEPairNorm_L8_H128_seed1_split3_history.csv
Amazon-Ratings,GraphSAGEPairNorm,8,128,0.005,1,4,394,0.5151069737056998,0.4976318797974849,790,0.5203331700146987,0.5095541401273885,0.005226196308998898,0.011922260329903622,396,True,False,True,0.5139637432631063,0.5089008655887637,0.6971022486686707,runs/amazon_ratings_selected_lr_800ep/Amazon-Ratings_GraphSAGEPairNorm_L8_H128_seed1_split4_summary.json,runs/amazon_ratings_selected_lr_800ep/Amazon-Ratings_GraphSAGEPairNorm_L8_H128_seed1_split4_history.csv
Amazon-Ratings,GraphSAGEPairNorm,8,128,0.005,1,5,367,0.5018781642985465,0.5020414829332027,654,0.5134737873591376,0.5218030377266046,0.011595623060591143,0.019761554793401914,287,True,False,False,0.5044912624530459,0.5147803364363874,0.7298829555511475,runs/amazon_ratings_selected_lr_800ep/Amazon-Ratings_GraphSAGEPairNorm_L8_H128_seed1_split5_summary.json,runs/amazon_ratings_selected_lr_800ep/Amazon-Ratings_GraphSAGEPairNorm_L8_H128_seed1_split5_history.csv
Amazon-Ratings,GraphSAGEPairNorm,8,128,0.005,1,6,379,0.5002449779519843,0.5010615711252654,741,0.5185366650334803,0.5151069737056998,0.018291687081495978,0.014045402580434407,362,True,False,True,0.5116772823779193,0.5100440960313571,0.7232634425163269,runs/amazon_ratings_selected_lr_800ep/Amazon-Ratings_GraphSAGEPairNorm_L8_H128_seed1_split6_summary.json,runs/amazon_ratings_selected_lr_800ep/Amazon-Ratings_GraphSAGEPairNorm_L8_H128_seed1_split6_history.csv
Amazon-Ratings,GraphSAGEPairNorm,8,128,0.005,1,7,398,0.5036746692797648,0.501551527029234,781,0.5172301159562306,0.5116772823779193,0.013555446676465799,0.010125755348685317,383,True,False,True,0.5079209537808264,0.5097174587620448,0.7213303446769714,runs/amazon_ratings_selected_lr_800ep/Amazon-Ratings_GraphSAGEPairNorm_L8_H128_seed1_split7_summary.json,runs/amazon_ratings_selected_lr_800ep/Amazon-Ratings_GraphSAGEPairNorm_L8_H128_seed1_split7_history.csv
Amazon-Ratings,GraphSAGEPairNorm,8,128,0.005,1,8,399,0.5097174587620448,0.4956720561816103,774,0.5180467091295117,0.5004082965866405,0.0083292503674669,0.004736240405030234,375,True,False,True,0.5110240078392945,0.5115139637432631,0.6887310147285461,runs/amazon_ratings_selected_lr_800ep/Amazon-Ratings_GraphSAGEPairNorm_L8_H128_seed1_split8_summary.json,runs/amazon_ratings_selected_lr_800ep/Amazon-Ratings_GraphSAGEPairNorm_L8_H128_seed1_split8_history.csv
Amazon-Ratings,GraphSAGEPairNorm,8,128,0.005,1,9,387,0.507594316511514,0.5018781642985465,608,0.5204964886493549,0.5036746692797648,0.01290217213784095,0.0017965049812183054,221,True,False,False,0.510697370569982,0.506124448799608,0.7101252675056458,runs/amazon_ratings_selected_lr_800ep/Amazon-Ratings_GraphSAGEPairNorm_L8_H128_seed1_split9_summary.json,runs/amazon_ratings_selected_lr_800ep/Amazon-Ratings_GraphSAGEPairNorm_L8_H128_seed1_split9_history.csv
