epoch,loss,train_acc,val_acc,test_acc
1,1.6074068546295166,0.2631578947368421,0.24300986842105263,0.25592105263157894
2,1.5761336088180542,0.2642543859649123,0.2590460526315789,0.27039473684210524
3,1.596134066581726,0.2768640350877193,0.25945723684210525,0.26710526315789473
4,1.5678064823150635,0.3190789473684211,0.28618421052631576,0.29736842105263156
5,1.5690786838531494,0.33415570175438597,0.3050986842105263,0.3131578947368421
6,1.5578192472457886,0.32209429824561403,0.30057565789473684,0.31644736842105264
7,1.5232752561569214,0.28810307017543857,0.27754934210526316,0.28421052631578947
8,1.4775267839431763,0.28673245614035087,0.27713815789473684,0.28289473684210525
9,1.461972713470459,0.3199013157894737,0.31537828947368424,0.30657894736842106
10,1.4147173166275024,0.3404605263157895,0.3207236842105263,0.3282894736842105
11,1.3906714916229248,0.3678728070175439,0.3301809210526316,0.32894736842105265
12,1.366162896156311,0.38514254385964913,0.34292763157894735,0.3282894736842105
13,1.3331775665283203,0.39144736842105265,0.3416940789473684,0.3447368421052632
14,1.3234457969665527,0.4251644736842105,0.3597861842105263,0.34868421052631576
15,1.2902817726135254,0.45476973684210525,0.36348684210526316,0.3539473684210526
16,1.265529990196228,0.45805921052631576,0.3536184210526316,0.3618421052631579
17,1.2377315759658813,0.43859649122807015,0.34745065789473684,0.3526315789473684
18,1.2195239067077637,0.46408991228070173,0.35649671052631576,0.35986842105263156
19,1.1876591444015503,0.4920504385964912,0.3614309210526316,0.34671052631578947
20,1.1600909233093262,0.5243969298245614,0.35526315789473684,0.34342105263157896
21,1.1303271055221558,0.5134320175438597,0.3618421052631579,0.34342105263157896
22,1.1157931089401245,0.5635964912280702,0.3618421052631579,0.3513157894736842
23,1.0778394937515259,0.5827850877192983,0.35526315789473684,0.3519736842105263
24,1.0517182350158691,0.5660635964912281,0.3606085526315789,0.3539473684210526
25,1.0318033695220947,0.6222587719298246,0.3569078947368421,0.3480263157894737
26,0.9898571968078613,0.6488486842105263,0.35526315789473684,0.34407894736842104
27,0.9680125117301941,0.6228070175438597,0.3638980263157895,0.35592105263157897
28,0.9596354365348816,0.6622807017543859,0.3569078947368421,0.34078947368421053
29,0.9297792911529541,0.6792763157894737,0.3581414473684211,0.34539473684210525
30,0.9068937301635742,0.6559758771929824,0.36019736842105265,0.34407894736842104
31,0.8945436477661133,0.7003837719298246,0.3482730263157895,0.33881578947368424
32,0.8817680478096008,0.7179276315789473,0.3503289473684211,0.3519736842105263
33,0.8528621792793274,0.7058662280701754,0.3503289473684211,0.34539473684210525
34,0.829007625579834,0.7491776315789473,0.3581414473684211,0.33026315789473687
35,0.8184973001480103,0.7661732456140351,0.3560855263157895,0.3256578947368421
36,0.7806152701377869,0.7532894736842105,0.35567434210526316,0.33421052631578946
37,0.7795007228851318,0.7552083333333334,0.35444078947368424,0.33289473684210524
38,0.7625486254692078,0.768640350877193,0.3618421052631579,0.3348684210526316
39,0.7370296716690063,0.774671052631579,0.3589638157894737,0.33223684210526316
40,0.740543782711029,0.7820723684210527,0.3618421052631579,0.3375
41,0.7278268337249756,0.7828947368421053,0.3589638157894737,0.3335526315789474
42,0.7150639295578003,0.7834429824561403,0.3618421052631579,0.3381578947368421
43,0.6993035674095154,0.7946820175438597,0.35526315789473684,0.3361842105263158
44,0.6945499777793884,0.7990679824561403,0.3527960526315789,0.3401315789473684
45,0.6724039912223816,0.7889254385964912,0.36019736842105265,0.34407894736842104
46,0.6645002365112305,0.8083881578947368,0.3573190789473684,0.3381578947368421
47,0.6555915474891663,0.8160635964912281,0.35567434210526316,0.33223684210526316
48,0.6450086832046509,0.8226425438596491,0.3581414473684211,0.33157894736842103
49,0.6581537127494812,0.8218201754385965,0.3560855263157895,0.3414473684210526
50,0.6269045472145081,0.8234649122807017,0.3527960526315789,0.34407894736842104
51,0.6398550868034363,0.8218201754385965,0.35238486842105265,0.3361842105263158
52,0.6316812038421631,0.8283991228070176,0.3482730263157895,0.33092105263157895
53,0.6141890287399292,0.8289473684210527,0.35567434210526316,0.3368421052631579
54,0.6398838758468628,0.8212719298245614,0.3560855263157895,0.33881578947368424
55,0.600721538066864,0.825109649122807,0.3589638157894737,0.3348684210526316
56,0.6172853708267212,0.856359649122807,0.35855263157894735,0.3348684210526316
57,0.6122238636016846,0.8495065789473685,0.3614309210526316,0.3282894736842105
58,0.5966007709503174,0.8451206140350878,0.35773026315789475,0.3282894736842105
59,0.6037874817848206,0.8415570175438597,0.35320723684210525,0.32894736842105265
60,0.5749954581260681,0.8536184210526315,0.3597861842105263,0.325
61,0.5776283144950867,0.8651315789473685,0.3597861842105263,0.32302631578947366
62,0.5713331699371338,0.8626644736842105,0.3659539473684211,0.32894736842105265
63,0.5743564963340759,0.8621162280701754,0.36101973684210525,0.32105263157894737
64,0.5616388320922852,0.8667763157894737,0.36019736842105265,0.3256578947368421
65,0.5619775652885437,0.8673245614035088,0.359375,0.32894736842105265
66,0.5638178586959839,0.8763706140350878,0.35526315789473684,0.3282894736842105
67,0.5656208395957947,0.8859649122807017,0.35567434210526316,0.3269736842105263
68,0.5407590270042419,0.8881578947368421,0.34991776315789475,0.3269736842105263
69,0.5381132364273071,0.8837719298245614,0.3618421052631579,0.33157894736842103
70,0.5443605184555054,0.8654057017543859,0.35773026315789475,0.3256578947368421
71,0.553026556968689,0.8966557017543859,0.3540296052631579,0.31973684210526315
72,0.5207036733627319,0.8983004385964912,0.35238486842105265,0.31644736842105264
73,0.5387851595878601,0.893640350877193,0.3569078947368421,0.32894736842105265
74,0.5328899621963501,0.9029605263157895,0.3589638157894737,0.3269736842105263
75,0.5098317265510559,0.9021381578947368,0.3573190789473684,0.33223684210526316
76,0.4935973286628723,0.9029605263157895,0.36554276315789475,0.32105263157894737
77,0.5056020021438599,0.9095394736842105,0.36554276315789475,0.3368421052631579
78,0.492199569940567,0.9155701754385965,0.3614309210526316,0.34407894736842104
79,0.4815962314605713,0.9177631578947368,0.35773026315789475,0.3375
80,0.4912872612476349,0.9117324561403509,0.3540296052631579,0.3348684210526316
81,0.4944499731063843,0.9213267543859649,0.3614309210526316,0.3361842105263158
82,0.4716964066028595,0.9100877192982456,0.35773026315789475,0.3361842105263158
83,0.49463894963264465,0.9273574561403509,0.3589638157894737,0.3348684210526316
84,0.47642356157302856,0.9199561403508771,0.35855263157894735,0.3335526315789474
85,0.4740143418312073,0.934484649122807,0.3651315789473684,0.33026315789473687
86,0.44919392466545105,0.9292763157894737,0.36019736842105265,0.3361842105263158
87,0.48323002457618713,0.9394188596491229,0.3573190789473684,0.3394736842105263
88,0.45241034030914307,0.9303728070175439,0.3581414473684211,0.3368421052631579
89,0.45372912287712097,0.9399671052631579,0.35444078947368424,0.33421052631578946
90,0.4533563554286957,0.9402412280701754,0.3569078947368421,0.3355263157894737
91,0.4373038709163666,0.9325657894736842,0.3540296052631579,0.34078947368421053
92,0.4485511779785156,0.9396929824561403,0.35567434210526316,0.3394736842105263
93,0.4475426971912384,0.9377741228070176,0.3412828947368421,0.3335526315789474
94,0.43169212341308594,0.9470942982456141,0.34375,0.33026315789473687
95,0.43469926714897156,0.9446271929824561,0.3495065789473684,0.32960526315789473
96,0.42570066452026367,0.9503837719298246,0.35238486842105265,0.32894736842105265
97,0.42596080899238586,0.9517543859649122,0.34868421052631576,0.3269736842105263
98,0.41777855157852173,0.9512061403508771,0.35238486842105265,0.3263157894736842
99,0.39810314774513245,0.9492872807017544,0.34786184210526316,0.3282894736842105
100,0.4167599678039551,0.9536732456140351,0.3495065789473684,0.32302631578947366
101,0.3803892731666565,0.9533991228070176,0.3511513157894737,0.33092105263157895
102,0.4214617609977722,0.9514802631578947,0.3548519736842105,0.3269736842105263
103,0.4042161703109741,0.9487390350877193,0.35320723684210525,0.3263157894736842
104,0.40277954936027527,0.9536732456140351,0.34662828947368424,0.3256578947368421
105,0.3894897401332855,0.9506578947368421,0.3458059210526316,0.31973684210526315
106,0.3880256712436676,0.9503837719298246,0.3503289473684211,0.31776315789473686
107,0.39176785945892334,0.9523026315789473,0.3540296052631579,0.32302631578947366
108,0.4059489071369171,0.9558662280701754,0.35074013157894735,0.33157894736842103
109,0.3874492943286896,0.9616228070175439,0.3536184210526316,0.3263157894736842
110,0.37689173221588135,0.9613486842105263,0.35320723684210525,0.3263157894736842
111,0.3797181248664856,0.9613486842105263,0.34745065789473684,0.3282894736842105
112,0.3691864609718323,0.9605263157894737,0.3511513157894737,0.32763157894736844
113,0.3680245876312256,0.9608004385964912,0.34991776315789475,0.33157894736842103
114,0.38001152873039246,0.9594298245614035,0.3482730263157895,0.33421052631578946
115,0.3645767867565155,0.9580592105263158,0.35567434210526316,0.3269736842105263
116,0.37396833300590515,0.9591557017543859,0.3511513157894737,0.33223684210526316
117,0.3630600571632385,0.9599780701754386,0.3449835526315789,0.33157894736842103
118,0.3408184349536896,0.9610745614035088,0.3462171052631579,0.33421052631578946
119,0.3445846736431122,0.9616228070175439,0.3495065789473684,0.33092105263157895
120,0.3427615165710449,0.9616228070175439,0.34539473684210525,0.32105263157894737
121,0.3552711009979248,0.9635416666666666,0.3449835526315789,0.3282894736842105
122,0.3472467064857483,0.9649122807017544,0.3458059210526316,0.3282894736842105
123,0.3527885675430298,0.9649122807017544,0.34745065789473684,0.325
124,0.33265939354896545,0.9643640350877193,0.34745065789473684,0.32894736842105265
125,0.3406774401664734,0.9638157894736842,0.3495065789473684,0.33026315789473687
126,0.3260669410228729,0.9662828947368421,0.34868421052631576,0.3269736842105263
127,0.328537255525589,0.9676535087719298,0.34662828947368424,0.3236842105263158
128,0.32902413606643677,0.9651864035087719,0.34991776315789475,0.33026315789473687
129,0.32542747259140015,0.9665570175438597,0.3462171052631579,0.32894736842105265
130,0.3190900981426239,0.9676535087719298,0.3470394736842105,0.31973684210526315
131,0.3167206048965454,0.9660087719298246,0.3458059210526316,0.3223684210526316
132,0.3278884291648865,0.9692982456140351,0.3441611842105263,0.3157894736842105
133,0.30926451086997986,0.9692982456140351,0.3416940789473684,0.31842105263157894
134,0.3316694498062134,0.9690241228070176,0.3416940789473684,0.3157894736842105
135,0.314484179019928,0.9701206140350878,0.3404605263157895,0.31513157894736843
136,0.30871519446372986,0.9701206140350878,0.3425164473684211,0.3236842105263158
137,0.3025639057159424,0.9712171052631579,0.34292763157894735,0.3236842105263158
138,0.31429600715637207,0.9712171052631579,0.34087171052631576,0.33157894736842103
139,0.3097946345806122,0.9712171052631579,0.34004934210526316,0.31644736842105264
140,0.3046116530895233,0.9712171052631579,0.3379934210526316,0.32105263157894737
141,0.30759528279304504,0.9701206140350878,0.3379934210526316,0.3243421052631579
142,0.31300073862075806,0.9701206140350878,0.3404605263157895,0.3223684210526316
143,0.29804369807243347,0.9701206140350878,0.3404605263157895,0.3263157894736842
144,0.29427653551101685,0.9703947368421053,0.33881578947368424,0.3223684210526316
145,0.2806364893913269,0.9709429824561403,0.33675986842105265,0.3157894736842105
146,0.27940675616264343,0.9692982456140351,0.33511513157894735,0.3171052631578947
147,0.31669798493385315,0.9695723684210527,0.3334703947368421,0.3282894736842105
148,0.30422043800354004,0.9706688596491229,0.3334703947368421,0.32105263157894737
149,0.287422776222229,0.9731359649122807,0.3371710526315789,0.32763157894736844
150,0.2841052711009979,0.9739583333333334,0.3355263157894737,0.3190789473684211
151,0.2861102223396301,0.9698464912280702,0.34087171052631576,0.3190789473684211
152,0.3104550540447235,0.9712171052631579,0.33511513157894735,0.31644736842105264
153,0.28874653577804565,0.9703947368421053,0.33429276315789475,0.3171052631578947
154,0.28527888655662537,0.9692982456140351,0.34210526315789475,0.31842105263157894
155,0.29371243715286255,0.9731359649122807,0.3363486842105263,0.3157894736842105
156,0.27231287956237793,0.9723135964912281,0.33758223684210525,0.31842105263157894
157,0.2913559377193451,0.9712171052631579,0.3347039473684211,0.3131578947368421
158,0.2983752489089966,0.9706688596491229,0.3379934210526316,0.30657894736842106
159,0.2972602844238281,0.9739583333333334,0.3433388157894737,0.3144736842105263
160,0.26969099044799805,0.9739583333333334,0.34292763157894735,0.3171052631578947
161,0.29789647459983826,0.9731359649122807,0.34004934210526316,0.32302631578947366
162,0.28659185767173767,0.9728618421052632,0.33429276315789475,0.3157894736842105
163,0.3034002184867859,0.9728618421052632,0.3416940789473684,0.32105263157894737
164,0.2794179320335388,0.9712171052631579,0.34745065789473684,0.3269736842105263
165,0.2750241458415985,0.9734100877192983,0.3495065789473684,0.32763157894736844
166,0.30080434679985046,0.9745065789473685,0.3519736842105263,0.3269736842105263
167,0.275728315114975,0.9720394736842105,0.3511513157894737,0.33421052631578946
168,0.29266127943992615,0.9725877192982456,0.3519736842105263,0.33092105263157895
169,0.2743985950946808,0.9736842105263158,0.3449835526315789,0.3368421052631579
170,0.29090285301208496,0.9739583333333334,0.3482730263157895,0.3355263157894737
171,0.28194668889045715,0.9745065789473685,0.3462171052631579,0.3375
172,0.28643858432769775,0.9745065789473685,0.34662828947368424,0.33092105263157895
173,0.2881520688533783,0.9736842105263158,0.34004934210526316,0.33421052631578946
174,0.2777121067047119,0.9739583333333334,0.33963815789473684,0.3355263157894737
175,0.2765812873840332,0.9739583333333334,0.3433388157894737,0.3335526315789474
176,0.2713228762149811,0.9725877192982456,0.34210526315789475,0.32302631578947366
177,0.25998663902282715,0.9725877192982456,0.34292763157894735,0.32171052631578945
178,0.27302122116088867,0.9736842105263158,0.3425164473684211,0.3256578947368421
179,0.25271281599998474,0.9756030701754386,0.34087171052631576,0.32894736842105265
180,0.2650371193885803,0.9745065789473685,0.34210526315789475,0.33289473684210524
181,0.2819214463233948,0.9745065789473685,0.34375,0.33092105263157895
182,0.25867149233818054,0.9725877192982456,0.3441611842105263,0.3355263157894737
183,0.27099230885505676,0.9742324561403509,0.3425164473684211,0.3335526315789474
184,0.2641988694667816,0.975328947368421,0.33881578947368424,0.3335526315789474
185,0.25884461402893066,0.9756030701754386,0.34210526315789475,0.3256578947368421
186,0.26357316970825195,0.975328947368421,0.3412828947368421,0.32302631578947366
187,0.2468358427286148,0.975328947368421,0.33963815789473684,0.32302631578947366
188,0.25164416432380676,0.9750548245614035,0.33511513157894735,0.3256578947368421
189,0.25051435828208923,0.9731359649122807,0.3392269736842105,0.3223684210526316
190,0.27290579676628113,0.9747807017543859,0.3449835526315789,0.32105263157894737
191,0.24945229291915894,0.9750548245614035,0.3490953947368421,0.3131578947368421
192,0.2591959536075592,0.9756030701754386,0.3425164473684211,0.32105263157894737
193,0.2512596845626831,0.9742324561403509,0.3404605263157895,0.32894736842105265
194,0.24874943494796753,0.9756030701754386,0.34662828947368424,0.3269736842105263
195,0.2626155912876129,0.9723135964912281,0.35320723684210525,0.3243421052631579
196,0.24739187955856323,0.9720394736842105,0.35855263157894735,0.32302631578947366
197,0.25417765974998474,0.975328947368421,0.3569078947368421,0.3157894736842105
198,0.23540744185447693,0.9750548245614035,0.3470394736842105,0.31644736842105264
199,0.25343751907348633,0.9758771929824561,0.3490953947368421,0.31973684210526315
200,0.24237501621246338,0.9739583333333334,0.3515625,0.32105263157894737
201,0.24677221477031708,0.9725877192982456,0.35238486842105265,0.3171052631578947
202,0.23537592589855194,0.9750548245614035,0.35320723684210525,0.3223684210526316
203,0.24510613083839417,0.9758771929824561,0.34786184210526316,0.3203947368421053
204,0.22579218447208405,0.9761513157894737,0.34539473684210525,0.3236842105263158
205,0.2470313310623169,0.9758771929824561,0.3458059210526316,0.3223684210526316
206,0.23172518610954285,0.9756030701754386,0.34539473684210525,0.3190789473684211
207,0.24736759066581726,0.9775219298245614,0.3519736842105263,0.3236842105263158
208,0.24470028281211853,0.9766995614035088,0.3490953947368421,0.32960526315789473
209,0.2403380125761032,0.9761513157894737,0.3490953947368421,0.3282894736842105
210,0.2441447377204895,0.9731359649122807,0.3441611842105263,0.33092105263157895
211,0.2307194024324417,0.9734100877192983,0.3470394736842105,0.33157894736842103
212,0.2482398897409439,0.9750548245614035,0.3527960526315789,0.33223684210526316
213,0.23911555111408234,0.9756030701754386,0.35074013157894735,0.33289473684210524
214,0.22008031606674194,0.9775219298245614,0.3458059210526316,0.33289473684210524
215,0.23927707970142365,0.975328947368421,0.34745065789473684,0.32960526315789473
216,0.21290642023086548,0.9756030701754386,0.34457236842105265,0.3361842105263158
217,0.2291511446237564,0.9761513157894737,0.3495065789473684,0.3348684210526316
218,0.23120585083961487,0.9772478070175439,0.3482730263157895,0.33421052631578946
219,0.23322658240795135,0.9766995614035088,0.3482730263157895,0.33421052631578946
220,0.2140674591064453,0.9761513157894737,0.34457236842105265,0.3355263157894737
221,0.23496028780937195,0.9750548245614035,0.34868421052631576,0.3368421052631579
222,0.2338785082101822,0.9769736842105263,0.34991776315789475,0.3335526315789474
223,0.24585627019405365,0.9769736842105263,0.3515625,0.33026315789473687
224,0.23439861834049225,0.9769736842105263,0.3482730263157895,0.3269736842105263
225,0.24339048564434052,0.975328947368421,0.34457236842105265,0.3282894736842105
226,0.23051346838474274,0.9745065789473685,0.34745065789473684,0.3256578947368421
227,0.24367836117744446,0.9745065789473685,0.34457236842105265,0.33157894736842103
228,0.23077231645584106,0.9766995614035088,0.3458059210526316,0.33092105263157895
229,0.2526167631149292,0.9769736842105263,0.34539473684210525,0.3335526315789474
230,0.215495303273201,0.9766995614035088,0.34662828947368424,0.33026315789473687
231,0.23531979322433472,0.9750548245614035,0.34539473684210525,0.33157894736842103
232,0.22900095582008362,0.9750548245614035,0.34745065789473684,0.3335526315789474
233,0.23616276681423187,0.9764254385964912,0.34662828947368424,0.32960526315789473
234,0.21294161677360535,0.9764254385964912,0.3433388157894737,0.33223684210526316
235,0.21594488620758057,0.9764254385964912,0.3416940789473684,0.33026315789473687
236,0.21703854203224182,0.9758771929824561,0.34375,0.32960526315789473
237,0.222268745303154,0.9766995614035088,0.3462171052631579,0.3361842105263158
238,0.2264976054430008,0.9775219298245614,0.35074013157894735,0.33289473684210524
239,0.23958684504032135,0.9775219298245614,0.3449835526315789,0.3348684210526316
240,0.22184506058692932,0.9772478070175439,0.3511513157894737,0.3381578947368421
241,0.22394153475761414,0.9775219298245614,0.3490953947368421,0.3335526315789474
242,0.22356563806533813,0.9769736842105263,0.35074013157894735,0.33881578947368424
243,0.22199605405330658,0.9769736842105263,0.3458059210526316,0.3348684210526316
244,0.23900273442268372,0.9747807017543859,0.3433388157894737,0.33092105263157895
245,0.225772887468338,0.9756030701754386,0.33963815789473684,0.33157894736842103
246,0.21817150712013245,0.9766995614035088,0.34004934210526316,0.3348684210526316
247,0.23161770403385162,0.9775219298245614,0.3371710526315789,0.33421052631578946
248,0.23195700347423553,0.9775219298245614,0.3416940789473684,0.3414473684210526
249,0.22097784280776978,0.9747807017543859,0.34662828947368424,0.33223684210526316
250,0.22774679958820343,0.9750548245614035,0.3462171052631579,0.33092105263157895
251,0.20398381352424622,0.9764254385964912,0.34868421052631576,0.3282894736842105
252,0.200291246175766,0.9772478070175439,0.3449835526315789,0.33421052631578946
253,0.20951123535633087,0.9775219298245614,0.3425164473684211,0.3348684210526316
254,0.23272822797298431,0.9758771929824561,0.3482730263157895,0.33289473684210524
255,0.2167486548423767,0.9764254385964912,0.34539473684210525,0.3263157894736842
256,0.22472889721393585,0.9775219298245614,0.3458059210526316,0.32894736842105265
257,0.21621112525463104,0.9766995614035088,0.3416940789473684,0.3368421052631579
258,0.22281302511692047,0.9764254385964912,0.3433388157894737,0.33092105263157895
259,0.22594474256038666,0.9742324561403509,0.3462171052631579,0.33026315789473687
260,0.21919816732406616,0.9756030701754386,0.3379934210526316,0.3256578947368421
261,0.22304943203926086,0.9766995614035088,0.33758223684210525,0.32302631578947366
262,0.229629248380661,0.9766995614035088,0.3359375,0.3223684210526316
263,0.21572694182395935,0.9761513157894737,0.3416940789473684,0.3243421052631579
264,0.22077544033527374,0.9772478070175439,0.33963815789473684,0.3263157894736842
265,0.21557918190956116,0.9750548245614035,0.3441611842105263,0.3190789473684211
266,0.20864634215831757,0.9750548245614035,0.3425164473684211,0.32105263157894737
267,0.21837763488292694,0.9772478070175439,0.34375,0.325
268,0.20066089928150177,0.977796052631579,0.34375,0.325
269,0.20909638702869415,0.9772478070175439,0.34375,0.32171052631578945
270,0.22373531758785248,0.9761513157894737,0.3462171052631579,0.3243421052631579
271,0.21965494751930237,0.9758771929824561,0.3449835526315789,0.3223684210526316
272,0.20782725512981415,0.9756030701754386,0.34210526315789475,0.3282894736842105
273,0.21763505041599274,0.975328947368421,0.34292763157894735,0.33157894736842103
274,0.21030573546886444,0.9775219298245614,0.3416940789473684,0.3269736842105263
275,0.21573562920093536,0.9780701754385965,0.3416940789473684,0.3243421052631579
276,0.21062563359737396,0.9775219298245614,0.3384046052631579,0.3269736842105263
277,0.2242283970117569,0.9775219298245614,0.3412828947368421,0.32763157894736844
278,0.2235005497932434,0.9772478070175439,0.34004934210526316,0.32763157894736844
279,0.21323063969612122,0.9766995614035088,0.34210526315789475,0.325
280,0.2087479829788208,0.9769736842105263,0.34292763157894735,0.32763157894736844
281,0.20752854645252228,0.975328947368421,0.3462171052631579,0.3269736842105263
282,0.22790537774562836,0.9739583333333334,0.34662828947368424,0.32763157894736844
283,0.22260010242462158,0.9747807017543859,0.3462171052631579,0.32960526315789473
284,0.2116740643978119,0.9772478070175439,0.34786184210526316,0.33421052631578946
285,0.237526535987854,0.9769736842105263,0.34457236842105265,0.33881578947368424
286,0.2236306369304657,0.9769736842105263,0.3441611842105263,0.3394736842105263
287,0.22310756146907806,0.9739583333333334,0.34662828947368424,0.3401315789473684
288,0.2135578691959381,0.9769736842105263,0.34210526315789475,0.34210526315789475
289,0.2175353467464447,0.975328947368421,0.3425164473684211,0.3401315789473684
290,0.22575348615646362,0.975328947368421,0.34375,0.3394736842105263
291,0.21379615366458893,0.9769736842105263,0.3495065789473684,0.34342105263157896
292,0.22074374556541443,0.9745065789473685,0.3482730263157895,0.3348684210526316
293,0.2050696611404419,0.9756030701754386,0.3490953947368421,0.3361842105263158
294,0.2200491726398468,0.9766995614035088,0.3503289473684211,0.3368421052631579
295,0.2135056108236313,0.9769736842105263,0.3441611842105263,0.3368421052631579
296,0.20603929460048676,0.9761513157894737,0.34004934210526316,0.3394736842105263
297,0.2000204175710678,0.975328947368421,0.34210526315789475,0.3394736842105263
298,0.20326125621795654,0.975328947368421,0.3441611842105263,0.33223684210526316
299,0.21130752563476562,0.9758771929824561,0.33963815789473684,0.33223684210526316
300,0.2150489240884781,0.9764254385964912,0.34375,0.3361842105263158
301,0.21255822479724884,0.9766995614035088,0.34004934210526316,0.3368421052631579
302,0.20728451013565063,0.9766995614035088,0.33963815789473684,0.3355263157894737
303,0.19897842407226562,0.9766995614035088,0.33881578947368424,0.34078947368421053
304,0.23262040317058563,0.9775219298245614,0.33963815789473684,0.34539473684210525
305,0.22195568680763245,0.977796052631579,0.3416940789473684,0.3381578947368421
306,0.22665299475193024,0.9769736842105263,0.3384046052631579,0.3361842105263158
307,0.2255912870168686,0.9766995614035088,0.33100328947368424,0.3348684210526316
308,0.19799821078777313,0.9772478070175439,0.33429276315789475,0.3427631578947368
309,0.22525720298290253,0.9772478070175439,0.3359375,0.34407894736842104
310,0.21741780638694763,0.9769736842105263,0.3392269736842105,0.34539473684210525
311,0.22882601618766785,0.9766995614035088,0.3404605263157895,0.33881578947368424
312,0.2145727425813675,0.9769736842105263,0.34087171052631576,0.33881578947368424
313,0.21458002924919128,0.9766995614035088,0.3416940789473684,0.3361842105263158
314,0.19476085901260376,0.9772478070175439,0.34457236842105265,0.3414473684210526
315,0.20466312766075134,0.9769736842105263,0.3462171052631579,0.34407894736842104
316,0.20587362349033356,0.9772478070175439,0.34745065789473684,0.34342105263157896
317,0.20828986167907715,0.9772478070175439,0.3470394736842105,0.3368421052631579
318,0.20669394731521606,0.9775219298245614,0.35238486842105265,0.33223684210526316
319,0.21738286316394806,0.9775219298245614,0.3482730263157895,0.33421052631578946
320,0.2093396633863449,0.9772478070175439,0.3458059210526316,0.32894736842105265
321,0.19911134243011475,0.9764254385964912,0.34662828947368424,0.32960526315789473
322,0.21604576706886292,0.9766995614035088,0.34539473684210525,0.33092105263157895
323,0.21149060130119324,0.9775219298245614,0.35238486842105265,0.32894736842105265
324,0.19155137240886688,0.9758771929824561,0.3515625,0.3335526315789474
325,0.21982601284980774,0.9766995614035088,0.3511513157894737,0.3375
326,0.20097778737545013,0.9775219298245614,0.35238486842105265,0.3381578947368421
327,0.18776468932628632,0.9769736842105263,0.35238486842105265,0.3401315789473684
328,0.1921691596508026,0.9766995614035088,0.35320723684210525,0.34210526315789475
329,0.19290083646774292,0.977796052631579,0.35526315789473684,0.3480263157894737
330,0.21489635109901428,0.977796052631579,0.3581414473684211,0.3506578947368421
331,0.19723814725875854,0.9775219298245614,0.3548519736842105,0.34539473684210525
332,0.21615415811538696,0.9780701754385965,0.3511513157894737,0.34407894736842104
333,0.20871517062187195,0.977796052631579,0.35074013157894735,0.34868421052631576
334,0.19083213806152344,0.9780701754385965,0.34991776315789475,0.34868421052631576
335,0.21670973300933838,0.977796052631579,0.3548519736842105,0.34539473684210525
336,0.20694974064826965,0.9769736842105263,0.3515625,0.34078947368421053
337,0.2065979540348053,0.9775219298245614,0.3519736842105263,0.34539473684210525
338,0.21925772726535797,0.9775219298245614,0.3458059210526316,0.34407894736842104
339,0.21671299636363983,0.977796052631579,0.3495065789473684,0.34210526315789475
340,0.19541670382022858,0.9775219298245614,0.34786184210526316,0.34342105263157896
341,0.1968671828508377,0.9783442982456141,0.34868421052631576,0.3394736842105263
342,0.20596717298030853,0.977796052631579,0.3462171052631579,0.3401315789473684
343,0.21014340221881866,0.9775219298245614,0.3441611842105263,0.3368421052631579
344,0.2047652006149292,0.9769736842105263,0.34375,0.3414473684210526
345,0.1931454986333847,0.9772478070175439,0.3433388157894737,0.33881578947368424
346,0.20384885370731354,0.9775219298245614,0.34292763157894735,0.3348684210526316
347,0.2122574895620346,0.977796052631579,0.34210526315789475,0.33421052631578946
348,0.21891210973262787,0.9772478070175439,0.3384046052631579,0.34342105263157896
349,0.21207599341869354,0.977796052631579,0.34375,0.3427631578947368
350,0.18745741248130798,0.9780701754385965,0.34087171052631576,0.34078947368421053
351,0.19123294949531555,0.9775219298245614,0.34210526315789475,0.3493421052631579
352,0.19862769544124603,0.9764254385964912,0.3449835526315789,0.34342105263157896
353,0.1984841227531433,0.9761513157894737,0.3458059210526316,0.3493421052631579
354,0.20133021473884583,0.9772478070175439,0.34991776315789475,0.35460526315789476
355,0.19393424689769745,0.9769736842105263,0.34457236842105265,0.3460526315789474
356,0.1995564103126526,0.9769736842105263,0.3425164473684211,0.3361842105263158
357,0.19828541576862335,0.9769736842105263,0.3470394736842105,0.33157894736842103
358,0.19976270198822021,0.9772478070175439,0.3425164473684211,0.3427631578947368
359,0.19814491271972656,0.9775219298245614,0.3462171052631579,0.34407894736842104
360,0.19288870692253113,0.977796052631579,0.3441611842105263,0.3414473684210526
361,0.19597317278385162,0.9775219298245614,0.3449835526315789,0.34210526315789475
362,0.20029275119304657,0.9775219298245614,0.34539473684210525,0.34342105263157896
363,0.2019096165895462,0.9769736842105263,0.34991776315789475,0.3480263157894737
364,0.2064148485660553,0.9761513157894737,0.34786184210526316,0.33881578947368424
365,0.19829493761062622,0.9775219298245614,0.3482730263157895,0.3460526315789474
366,0.1967191994190216,0.9772478070175439,0.34745065789473684,0.3539473684210526
367,0.18912100791931152,0.9775219298245614,0.35074013157894735,0.3513157894736842
368,0.2161349356174469,0.977796052631579,0.34991776315789475,0.3480263157894737
369,0.18812178075313568,0.9772478070175439,0.35649671052631576,0.3473684210526316
370,0.19336365163326263,0.9775219298245614,0.35567434210526316,0.35
371,0.20330896973609924,0.977796052631579,0.35320723684210525,0.35526315789473684
372,0.1912221908569336,0.9780701754385965,0.3503289473684211,0.35789473684210527
373,0.20081095397472382,0.9783442982456141,0.3515625,0.35460526315789476
374,0.18610921502113342,0.9769736842105263,0.3519736842105263,0.3493421052631579
375,0.19784437119960785,0.9780701754385965,0.34868421052631576,0.3506578947368421
376,0.19903093576431274,0.9775219298245614,0.34375,0.3493421052631579
377,0.21752643585205078,0.9769736842105263,0.34292763157894735,0.3473684210526316
378,0.2061106413602829,0.9775219298245614,0.3462171052631579,0.3539473684210526
379,0.19583748281002045,0.9780701754385965,0.34991776315789475,0.3493421052631579
380,0.2076251208782196,0.9780701754385965,0.3536184210526316,0.34342105263157896
381,0.20625187456607819,0.9780701754385965,0.3527960526315789,0.34868421052631576
382,0.20011410117149353,0.977796052631579,0.35526315789473684,0.3460526315789474
383,0.20196476578712463,0.9769736842105263,0.34786184210526316,0.3493421052631579
384,0.20572760701179504,0.9772478070175439,0.3527960526315789,0.3473684210526316
385,0.20151710510253906,0.9772478070175439,0.3511513157894737,0.35460526315789476
386,0.20668597519397736,0.9769736842105263,0.3511513157894737,0.34671052631578947
387,0.2083296924829483,0.9772478070175439,0.35526315789473684,0.34342105263157896
388,0.1926921308040619,0.9775219298245614,0.35526315789473684,0.3414473684210526
389,0.19815441966056824,0.9780701754385965,0.35444078947368424,0.3480263157894737
390,0.213800311088562,0.9775219298245614,0.35773026315789475,0.34671052631578947
391,0.2155485302209854,0.9780701754385965,0.3527960526315789,0.3473684210526316
392,0.19790562987327576,0.9775219298245614,0.34868421052631576,0.3513157894736842
393,0.19671593606472015,0.9769736842105263,0.34662828947368424,0.34407894736842104
394,0.2031487226486206,0.9766995614035088,0.34292763157894735,0.3394736842105263
395,0.20345883071422577,0.9769736842105263,0.34991776315789475,0.3447368421052632
396,0.20207491517066956,0.9772478070175439,0.3482730263157895,0.34539473684210525
397,0.21157750487327576,0.977796052631579,0.34210526315789475,0.34210526315789475
398,0.19487284123897552,0.9775219298245614,0.34210526315789475,0.3381578947368421
399,0.20582455396652222,0.977796052631579,0.3412828947368421,0.3375
400,0.21608594059944153,0.9775219298245614,0.3355263157894737,0.34078947368421053
401,0.19154076278209686,0.9772478070175439,0.3363486842105263,0.33881578947368424
402,0.1950497180223465,0.9780701754385965,0.3379934210526316,0.3361842105263158
403,0.21455106139183044,0.9775219298245614,0.3363486842105263,0.3381578947368421
404,0.20077233016490936,0.9772478070175439,0.3449835526315789,0.3381578947368421
405,0.197507843375206,0.9769736842105263,0.3458059210526316,0.3401315789473684
406,0.1925216168165207,0.9769736842105263,0.3482730263157895,0.3401315789473684
407,0.20552094280719757,0.9772478070175439,0.34457236842105265,0.3447368421052632
408,0.19396117329597473,0.9775219298245614,0.3482730263157895,0.3460526315789474
409,0.1894468367099762,0.9772478070175439,0.3462171052631579,0.3348684210526316
410,0.20124506950378418,0.9769736842105263,0.3425164473684211,0.3348684210526316
411,0.1892280876636505,0.9766995614035088,0.3449835526315789,0.3361842105263158
412,0.20670990645885468,0.9769736842105263,0.35074013157894735,0.34671052631578947
413,0.19246388971805573,0.9772478070175439,0.3470394736842105,0.34210526315789475
414,0.19335000216960907,0.9761513157894737,0.34457236842105265,0.3381578947368421
415,0.18344935774803162,0.9761513157894737,0.3462171052631579,0.3361842105263158
416,0.21735455095767975,0.9769736842105263,0.33881578947368424,0.33026315789473687
417,0.19978341460227966,0.9769736842105263,0.34292763157894735,0.3375
418,0.2055637687444687,0.9775219298245614,0.34210526315789475,0.3355263157894737
419,0.20590731501579285,0.9780701754385965,0.34375,0.3368421052631579
420,0.19718213379383087,0.9772478070175439,0.33881578947368424,0.3269736842105263
421,0.21184919774532318,0.9783442982456141,0.3379934210526316,0.32763157894736844
422,0.19975176453590393,0.977796052631579,0.34210526315789475,0.3335526315789474
423,0.19927039742469788,0.9775219298245614,0.3449835526315789,0.33092105263157895
424,0.189303919672966,0.9769736842105263,0.34375,0.31776315789473686
425,0.19292202591896057,0.977796052631579,0.3425164473684211,0.3171052631578947
426,0.19072401523590088,0.9780701754385965,0.34004934210526316,0.3263157894736842
427,0.2040572464466095,0.9780701754385965,0.3392269736842105,0.3335526315789474
428,0.19366639852523804,0.977796052631579,0.3379934210526316,0.33289473684210524
429,0.20361006259918213,0.9766995614035088,0.34087171052631576,0.33289473684210524
430,0.2105911523103714,0.9769736842105263,0.34375,0.3361842105263158
431,0.20278576016426086,0.9775219298245614,0.34292763157894735,0.3335526315789474
432,0.18334652483463287,0.9772478070175439,0.34539473684210525,0.33092105263157895
433,0.18922217190265656,0.9758771929824561,0.3416940789473684,0.33157894736842103
434,0.21265938878059387,0.9761513157894737,0.3412828947368421,0.33092105263157895
435,0.1880873590707779,0.9766995614035088,0.34457236842105265,0.3269736842105263
436,0.19250370562076569,0.9769736842105263,0.3412828947368421,0.32960526315789473
437,0.2011537402868271,0.9769736842105263,0.3412828947368421,0.3361842105263158
438,0.19521360099315643,0.9772478070175439,0.3412828947368421,0.3368421052631579
439,0.2006010115146637,0.9769736842105263,0.33881578947368424,0.3381578947368421
440,0.19494391977787018,0.9766995614035088,0.3363486842105263,0.3355263157894737
441,0.20209208130836487,0.9772478070175439,0.33675986842105265,0.3381578947368421
442,0.20458924770355225,0.9775219298245614,0.33675986842105265,0.33289473684210524
443,0.2016115039587021,0.9780701754385965,0.34087171052631576,0.33289473684210524
444,0.18994669616222382,0.977796052631579,0.3441611842105263,0.33157894736842103
445,0.1992262452840805,0.9775219298245614,0.34786184210526316,0.33157894736842103
446,0.1814173012971878,0.9780701754385965,0.3462171052631579,0.3355263157894737
447,0.20113010704517365,0.9783442982456141,0.34786184210526316,0.3282894736842105
448,0.19726808369159698,0.9775219298245614,0.34662828947368424,0.3256578947368421
449,0.20504824817180634,0.9775219298245614,0.3404605263157895,0.32763157894736844
450,0.1927925944328308,0.977796052631579,0.34375,0.3348684210526316
451,0.2058396190404892,0.9772478070175439,0.34786184210526316,0.3473684210526316
452,0.2010522484779358,0.9780701754385965,0.34991776315789475,0.3401315789473684
453,0.18836480379104614,0.9772478070175439,0.34457236842105265,0.33421052631578946
454,0.20171350240707397,0.977796052631579,0.34375,0.33026315789473687
455,0.19577915966510773,0.977796052631579,0.34457236842105265,0.3361842105263158
456,0.1945665031671524,0.977796052631579,0.3425164473684211,0.32960526315789473
457,0.20728249847888947,0.9761513157894737,0.3392269736842105,0.33157894736842103
458,0.19579742848873138,0.9769736842105263,0.34210526315789475,0.33421052631578946
459,0.1987846940755844,0.9769736842105263,0.3441611842105263,0.3381578947368421
460,0.1922367364168167,0.9769736842105263,0.3384046052631579,0.3394736842105263
461,0.21072056889533997,0.9775219298245614,0.3371710526315789,0.3361842105263158
462,0.21186047792434692,0.9775219298245614,0.34004934210526316,0.3381578947368421
463,0.20320343971252441,0.977796052631579,0.34292763157894735,0.33881578947368424
464,0.1813647449016571,0.9780701754385965,0.34745065789473684,0.3394736842105263
465,0.18060727417469025,0.977796052631579,0.3449835526315789,0.3361842105263158
466,0.18514297902584076,0.977796052631579,0.3458059210526316,0.3427631578947368
467,0.20152848958969116,0.9775219298245614,0.34292763157894735,0.3394736842105263
468,0.19105292856693268,0.9775219298245614,0.3458059210526316,0.34210526315789475
469,0.19791299104690552,0.9783442982456141,0.3495065789473684,0.34078947368421053
470,0.1970636248588562,0.9783442982456141,0.3482730263157895,0.3414473684210526
471,0.19170551002025604,0.977796052631579,0.3433388157894737,0.3361842105263158
472,0.19013801217079163,0.9775219298245614,0.34457236842105265,0.33157894736842103
473,0.20047660171985626,0.9775219298245614,0.3441611842105263,0.33289473684210524
474,0.19166730344295502,0.9780701754385965,0.3470394736842105,0.3368421052631579
475,0.20888999104499817,0.9780701754385965,0.34786184210526316,0.3401315789473684
476,0.19941478967666626,0.9772478070175439,0.3458059210526316,0.33223684210526316
477,0.18321529030799866,0.9764254385964912,0.3449835526315789,0.3361842105263158
478,0.1891632080078125,0.9769736842105263,0.3449835526315789,0.3335526315789474
479,0.18730440735816956,0.9783442982456141,0.3482730263157895,0.33026315789473687
480,0.1893366277217865,0.9780701754385965,0.3462171052631579,0.3368421052631579
481,0.19903913140296936,0.9780701754385965,0.34868421052631576,0.3368421052631579
482,0.19354401528835297,0.9780701754385965,0.34539473684210525,0.3375
483,0.19904446601867676,0.977796052631579,0.3425164473684211,0.3381578947368421
484,0.18422530591487885,0.977796052631579,0.3412828947368421,0.33157894736842103
485,0.18865568935871124,0.9780701754385965,0.33963815789473684,0.3282894736842105
486,0.20851901173591614,0.9780701754385965,0.34292763157894735,0.34210526315789475
487,0.19477114081382751,0.9772478070175439,0.33881578947368424,0.34210526315789475
488,0.18322211503982544,0.9772478070175439,0.3371710526315789,0.33881578947368424
489,0.18340261280536652,0.9769736842105263,0.3404605263157895,0.33157894736842103
490,0.190436452627182,0.9780701754385965,0.3433388157894737,0.33223684210526316
491,0.18255695700645447,0.9783442982456141,0.3441611842105263,0.3282894736842105
492,0.20589444041252136,0.9780701754385965,0.34745065789473684,0.3394736842105263
493,0.18588583171367645,0.9780701754385965,0.3462171052631579,0.3401315789473684
494,0.2016495168209076,0.9786184210526315,0.34457236842105265,0.3375
495,0.19516131281852722,0.977796052631579,0.3458059210526316,0.33289473684210524
496,0.18877112865447998,0.977796052631579,0.3462171052631579,0.3335526315789474
497,0.19014643132686615,0.9772478070175439,0.34991776315789475,0.3269736842105263
498,0.18375390768051147,0.9769736842105263,0.3495065789473684,0.33026315789473687
499,0.20094898343086243,0.9772478070175439,0.3511513157894737,0.3368421052631579
500,0.19879351556301117,0.9769736842105263,0.3482730263157895,0.33421052631578946
501,0.1844160109758377,0.9772478070175439,0.3449835526315789,0.33223684210526316
502,0.17976319789886475,0.9775219298245614,0.3441611842105263,0.34078947368421053
503,0.1911141276359558,0.9780701754385965,0.3363486842105263,0.34078947368421053
504,0.18114018440246582,0.9783442982456141,0.34004934210526316,0.3447368421052632
505,0.18956241011619568,0.9783442982456141,0.3412828947368421,0.3414473684210526
506,0.2005527913570404,0.9786184210526315,0.3462171052631579,0.3401315789473684
507,0.1808353215456009,0.9783442982456141,0.3503289473684211,0.3381578947368421
508,0.1850138157606125,0.9775219298245614,0.35526315789473684,0.3335526315789474
509,0.1912805289030075,0.977796052631579,0.34745065789473684,0.3381578947368421
510,0.21004275977611542,0.9775219298245614,0.3433388157894737,0.3401315789473684
511,0.18576571345329285,0.9772478070175439,0.3412828947368421,0.34210526315789475
512,0.19553892314434052,0.9769736842105263,0.3416940789473684,0.3348684210526316
513,0.19787387549877167,0.9775219298245614,0.34210526315789475,0.34342105263157896
514,0.2044568806886673,0.9783442982456141,0.3425164473684211,0.34342105263157896
515,0.18698711693286896,0.977796052631579,0.3449835526315789,0.3493421052631579
516,0.19973540306091309,0.9772478070175439,0.3412828947368421,0.34671052631578947
517,0.1861581653356552,0.9780701754385965,0.3404605263157895,0.3460526315789474
518,0.19758114218711853,0.9783442982456141,0.3416940789473684,0.3480263157894737
519,0.19037413597106934,0.9780701754385965,0.3416940789473684,0.34671052631578947
520,0.1835758537054062,0.9780701754385965,0.34375,0.3414473684210526
521,0.204200878739357,0.9780701754385965,0.3416940789473684,0.3427631578947368
522,0.2003631740808487,0.9780701754385965,0.34210526315789475,0.35
523,0.1829814314842224,0.9775219298245614,0.3425164473684211,0.34539473684210525
524,0.21487492322921753,0.9780701754385965,0.3458059210526316,0.34210526315789475
525,0.19272835552692413,0.977796052631579,0.3449835526315789,0.33881578947368424
526,0.1866539716720581,0.9783442982456141,0.3404605263157895,0.3368421052631579
527,0.19595541059970856,0.9783442982456141,0.3359375,0.33881578947368424
528,0.18741679191589355,0.977796052631579,0.3404605263157895,0.3401315789473684
529,0.19201238453388214,0.977796052631579,0.3449835526315789,0.3414473684210526
530,0.190986767411232,0.9769736842105263,0.3462171052631579,0.33881578947368424
531,0.19053733348846436,0.9775219298245614,0.3482730263157895,0.3460526315789474
532,0.194813534617424,0.9783442982456141,0.34292763157894735,0.34868421052631576
533,0.1802305281162262,0.977796052631579,0.3441611842105263,0.3493421052631579
534,0.1933816820383072,0.9783442982456141,0.3462171052631579,0.34210526315789475
535,0.194632425904274,0.9786184210526315,0.3449835526315789,0.33421052631578946
536,0.19978541135787964,0.977796052631579,0.34457236842105265,0.3375
537,0.19817282259464264,0.9775219298245614,0.3449835526315789,0.3394736842105263
538,0.17769484221935272,0.9775219298245614,0.34087171052631576,0.3335526315789474
539,0.19027556478977203,0.9775219298245614,0.34004934210526316,0.32960526315789473
540,0.2056887149810791,0.977796052631579,0.33511513157894735,0.33223684210526316
541,0.17750850319862366,0.9786184210526315,0.33758223684210525,0.33881578947368424
542,0.17857153713703156,0.9788925438596491,0.3355263157894737,0.3375
543,0.17992368340492249,0.9786184210526315,0.33963815789473684,0.3368421052631579
544,0.1912839263677597,0.9786184210526315,0.34786184210526316,0.3381578947368421
545,0.18422096967697144,0.9783442982456141,0.3441611842105263,0.33881578947368424
546,0.1749887317419052,0.9780701754385965,0.34662828947368424,0.3375
547,0.19164301455020905,0.9775219298245614,0.3458059210526316,0.3381578947368421
548,0.19820494949817657,0.9772478070175439,0.3490953947368421,0.34407894736842104
549,0.19793549180030823,0.9775219298245614,0.34868421052631576,0.3460526315789474
550,0.19404999911785126,0.9780701754385965,0.34457236842105265,0.3427631578947368
551,0.1789047122001648,0.9775219298245614,0.3458059210526316,0.3480263157894737
552,0.18817882239818573,0.977796052631579,0.3441611842105263,0.3506578947368421
553,0.18377436697483063,0.9772478070175439,0.34375,0.3519736842105263
554,0.1878967434167862,0.9761513157894737,0.3416940789473684,0.34671052631578947
555,0.1705044060945511,0.9764254385964912,0.3416940789473684,0.34407894736842104
556,0.1814263015985489,0.9775219298245614,0.3458059210526316,0.3427631578947368
557,0.16595719754695892,0.9783442982456141,0.3458059210526316,0.3348684210526316
558,0.19038055837154388,0.9780701754385965,0.3441611842105263,0.33421052631578946
559,0.18746060132980347,0.9769736842105263,0.3425164473684211,0.3335526315789474
560,0.20033769309520721,0.9769736842105263,0.3470394736842105,0.33092105263157895
561,0.19643166661262512,0.9772478070175439,0.33963815789473684,0.33157894736842103
562,0.19438445568084717,0.9780701754385965,0.3425164473684211,0.34210526315789475
563,0.1937696486711502,0.9772478070175439,0.3449835526315789,0.3381578947368421
564,0.18995274603366852,0.9769736842105263,0.3379934210526316,0.3401315789473684
565,0.19166861474514008,0.9772478070175439,0.3416940789473684,0.3361842105263158
566,0.2005303055047989,0.9772478070175439,0.3433388157894737,0.3401315789473684
567,0.1938626915216446,0.9772478070175439,0.3449835526315789,0.3375
568,0.19413864612579346,0.9775219298245614,0.34210526315789475,0.3401315789473684
569,0.19126062095165253,0.9772478070175439,0.3441611842105263,0.33421052631578946
570,0.19007271528244019,0.9775219298245614,0.34375,0.33092105263157895
571,0.1938789039850235,0.9780701754385965,0.34786184210526316,0.3355263157894737
572,0.190664142370224,0.9783442982456141,0.3462171052631579,0.33223684210526316
573,0.19115851819515228,0.9780701754385965,0.3482730263157895,0.3375
574,0.18173980712890625,0.9786184210526315,0.34786184210526316,0.3355263157894737
575,0.18893416225910187,0.9775219298245614,0.34786184210526316,0.3335526315789474
576,0.19077205657958984,0.9772478070175439,0.34991776315789475,0.33223684210526316
577,0.17202702164649963,0.977796052631579,0.3441611842105263,0.3361842105263158
578,0.1977519690990448,0.977796052631579,0.3462171052631579,0.33289473684210524
579,0.19413255155086517,0.9775219298245614,0.3482730263157895,0.3361842105263158
580,0.18506009876728058,0.9780701754385965,0.3462171052631579,0.3375
581,0.18348345160484314,0.9772478070175439,0.34745065789473684,0.33223684210526316
582,0.18596147000789642,0.9772478070175439,0.34539473684210525,0.3355263157894737
583,0.1866041123867035,0.9772478070175439,0.34786184210526316,0.33223684210526316
584,0.19136452674865723,0.9780701754385965,0.35074013157894735,0.3381578947368421
585,0.2025952935218811,0.977796052631579,0.34662828947368424,0.3348684210526316
586,0.20659475028514862,0.9780701754385965,0.3470394736842105,0.33157894736842103
587,0.19150148332118988,0.9775219298245614,0.3449835526315789,0.3368421052631579
588,0.18796120584011078,0.9775219298245614,0.3412828947368421,0.33026315789473687
589,0.18955248594284058,0.977796052631579,0.34786184210526316,0.32960526315789473
590,0.1858079433441162,0.9775219298245614,0.3527960526315789,0.33421052631578946
591,0.18534226715564728,0.977796052631579,0.35074013157894735,0.33157894736842103
592,0.17752262949943542,0.9775219298245614,0.3482730263157895,0.32960526315789473
593,0.18533748388290405,0.977796052631579,0.3441611842105263,0.32763157894736844
594,0.17787371575832367,0.9780701754385965,0.35320723684210525,0.33092105263157895
595,0.1969245821237564,0.9780701754385965,0.35238486842105265,0.33421052631578946
596,0.18190473318099976,0.9783442982456141,0.3470394736842105,0.33289473684210524
597,0.20594710111618042,0.9775219298245614,0.3462171052631579,0.32960526315789473
598,0.19612465798854828,0.977796052631579,0.35238486842105265,0.33026315789473687
599,0.20079953968524933,0.9780701754385965,0.3540296052631579,0.33421052631578946
600,0.1923750787973404,0.9772478070175439,0.35649671052631576,0.32763157894736844
601,0.17966356873512268,0.977796052631579,0.35074013157894735,0.3375
602,0.19139915704727173,0.9775219298245614,0.3515625,0.34671052631578947
603,0.19915811717510223,0.9783442982456141,0.34868421052631576,0.3473684210526316
604,0.19063414633274078,0.9783442982456141,0.35074013157894735,0.3427631578947368
605,0.20210683345794678,0.977796052631579,0.3540296052631579,0.34210526315789475
606,0.18966032564640045,0.9775219298245614,0.3495065789473684,0.3394736842105263
607,0.19240599870681763,0.9780701754385965,0.35074013157894735,0.3381578947368421
608,0.1660194993019104,0.9780701754385965,0.3482730263157895,0.34210526315789475
609,0.19440391659736633,0.9780701754385965,0.34786184210526316,0.3401315789473684
610,0.18711453676223755,0.9783442982456141,0.3495065789473684,0.34210526315789475
611,0.18046551942825317,0.9780701754385965,0.3519736842105263,0.3447368421052632
612,0.1779746413230896,0.9780701754385965,0.35526315789473684,0.3427631578947368
613,0.18479283154010773,0.9783442982456141,0.34991776315789475,0.33881578947368424
614,0.18424855172634125,0.9788925438596491,0.35238486842105265,0.34078947368421053
615,0.1798834651708603,0.9783442982456141,0.3503289473684211,0.3361842105263158
616,0.19845513999462128,0.9775219298245614,0.3495065789473684,0.33421052631578946
617,0.1843416839838028,0.977796052631579,0.34662828947368424,0.3335526315789474
618,0.17677509784698486,0.9772478070175439,0.3482730263157895,0.3361842105263158
619,0.2053450047969818,0.9775219298245614,0.3490953947368421,0.3348684210526316
620,0.19311001896858215,0.9775219298245614,0.34868421052631576,0.3375
621,0.177074134349823,0.9780701754385965,0.3458059210526316,0.3361842105263158
622,0.17998896539211273,0.9783442982456141,0.3470394736842105,0.33289473684210524
623,0.19413378834724426,0.9780701754385965,0.35074013157894735,0.3361842105263158
624,0.1897462159395218,0.977796052631579,0.34786184210526316,0.3394736842105263
625,0.1809820532798767,0.9780701754385965,0.34662828947368424,0.3414473684210526
626,0.16464397311210632,0.9766995614035088,0.34991776315789475,0.3361842105263158
627,0.17554493248462677,0.9764254385964912,0.35320723684210525,0.33421052631578946
628,0.18677857518196106,0.9769736842105263,0.34991776315789475,0.3368421052631579
629,0.17416441440582275,0.9769736842105263,0.3482730263157895,0.3348684210526316
630,0.20154671370983124,0.977796052631579,0.34786184210526316,0.3414473684210526
631,0.19349180161952972,0.9780701754385965,0.3511513157894737,0.34868421052631576
632,0.17347164452075958,0.977796052631579,0.3511513157894737,0.34407894736842104
633,0.17782656848430634,0.9780701754385965,0.3511513157894737,0.34342105263157896
634,0.18484260141849518,0.977796052631579,0.3470394736842105,0.34078947368421053
635,0.1880137175321579,0.9775219298245614,0.34786184210526316,0.3414473684210526
636,0.19114290177822113,0.9783442982456141,0.34745065789473684,0.3348684210526316
637,0.18416039645671844,0.977796052631579,0.34457236842105265,0.3348684210526316
638,0.19245673716068268,0.9775219298245614,0.3449835526315789,0.3447368421052632
639,0.18656104803085327,0.977796052631579,0.34004934210526316,0.3381578947368421
640,0.18631963431835175,0.9780701754385965,0.3392269736842105,0.33881578947368424
641,0.19129087030887604,0.9780701754385965,0.3470394736842105,0.3375
642,0.19027045369148254,0.9783442982456141,0.35238486842105265,0.34078947368421053
643,0.17152437567710876,0.9775219298245614,0.3519736842105263,0.3414473684210526
644,0.18816950917243958,0.9766995614035088,0.3589638157894737,0.34407894736842104
645,0.18176516890525818,0.977796052631579,0.3569078947368421,0.3394736842105263
646,0.18063423037528992,0.9780701754385965,0.35567434210526316,0.3368421052631579
647,0.18536414206027985,0.9780701754385965,0.3511513157894737,0.3355263157894737
648,0.178653746843338,0.9780701754385965,0.3536184210526316,0.34342105263157896
649,0.19462800025939941,0.9775219298245614,0.35444078947368424,0.3401315789473684
650,0.17139478027820587,0.9772478070175439,0.3536184210526316,0.3381578947368421
651,0.19130569696426392,0.9775219298245614,0.35238486842105265,0.3427631578947368
652,0.17659352719783783,0.9772478070175439,0.3490953947368421,0.3401315789473684
653,0.19298915565013885,0.9772478070175439,0.3449835526315789,0.33289473684210524
654,0.17902301251888275,0.9772478070175439,0.34087171052631576,0.3361842105263158
655,0.1860913783311844,0.9775219298245614,0.3433388157894737,0.3401315789473684
656,0.17786571383476257,0.977796052631579,0.34786184210526316,0.3381578947368421
657,0.18474864959716797,0.9783442982456141,0.35074013157894735,0.33421052631578946
658,0.17478013038635254,0.9783442982456141,0.3536184210526316,0.3368421052631579
659,0.18249012529850006,0.9786184210526315,0.34991776315789475,0.33289473684210524
660,0.18988476693630219,0.9783442982456141,0.3458059210526316,0.33421052631578946
661,0.18721583485603333,0.977796052631579,0.3449835526315789,0.3375
662,0.1811676025390625,0.9775219298245614,0.3416940789473684,0.33092105263157895
663,0.18610775470733643,0.9775219298245614,0.3412828947368421,0.33092105263157895
664,0.1939176619052887,0.977796052631579,0.34004934210526316,0.3282894736842105
665,0.18371987342834473,0.977796052631579,0.3490953947368421,0.3282894736842105
666,0.19066593050956726,0.9775219298245614,0.35074013157894735,0.3348684210526316
667,0.18158480525016785,0.9775219298245614,0.3503289473684211,0.33157894736842103
668,0.18469613790512085,0.9772478070175439,0.34457236842105265,0.3355263157894737
669,0.18906952440738678,0.9775219298245614,0.3449835526315789,0.33881578947368424
670,0.20127283036708832,0.9766995614035088,0.34991776315789475,0.3335526315789474
671,0.18804004788398743,0.9766995614035088,0.34786184210526316,0.33421052631578946
672,0.1911696195602417,0.9775219298245614,0.3441611842105263,0.34078947368421053
673,0.20009130239486694,0.9775219298245614,0.3495065789473684,0.33223684210526316
674,0.18020740151405334,0.9780701754385965,0.34457236842105265,0.3335526315789474
675,0.17462241649627686,0.9780701754385965,0.33881578947368424,0.33421052631578946
676,0.187186598777771,0.9783442982456141,0.3404605263157895,0.3348684210526316
677,0.1801638901233673,0.977796052631579,0.34087171052631576,0.3394736842105263
678,0.18109413981437683,0.9766995614035088,0.33881578947368424,0.3480263157894737
679,0.1942858099937439,0.9780701754385965,0.3441611842105263,0.3460526315789474
680,0.1774315983057022,0.977796052631579,0.34457236842105265,0.3401315789473684
681,0.1750989407300949,0.9764254385964912,0.34457236842105265,0.33223684210526316
682,0.19818522036075592,0.9775219298245614,0.3449835526315789,0.3361842105263158
683,0.19195067882537842,0.9775219298245614,0.3482730263157895,0.33881578947368424
684,0.1944764405488968,0.9780701754385965,0.34745065789473684,0.3394736842105263
685,0.18760162591934204,0.9769736842105263,0.34210526315789475,0.33157894736842103
686,0.1971960961818695,0.9775219298245614,0.3416940789473684,0.3394736842105263
687,0.17753058671951294,0.9775219298245614,0.3338815789473684,0.34407894736842104
688,0.19600263237953186,0.9780701754385965,0.34292763157894735,0.3414473684210526
689,0.19728343188762665,0.9766995614035088,0.3433388157894737,0.33092105263157895
690,0.18426014482975006,0.9769736842105263,0.3416940789473684,0.3203947368421053
691,0.19768349826335907,0.9775219298245614,0.3458059210526316,0.33157894736842103
692,0.20074161887168884,0.9780701754385965,0.3416940789473684,0.3381578947368421
693,0.19585870206356049,0.9772478070175439,0.34004934210526316,0.3355263157894737
694,0.19836440682411194,0.9772478070175439,0.34991776315789475,0.3269736842105263
695,0.18249058723449707,0.9764254385964912,0.3527960526315789,0.3282894736842105
696,0.19007904827594757,0.9780701754385965,0.3503289473684211,0.3355263157894737
697,0.18504834175109863,0.9780701754385965,0.34539473684210525,0.33289473684210524
698,0.19958782196044922,0.977796052631579,0.34662828947368424,0.3355263157894737
699,0.18205344676971436,0.9780701754385965,0.34786184210526316,0.34078947368421053
700,0.1802806556224823,0.9780701754385965,0.3495065789473684,0.33289473684210524
701,0.18787765502929688,0.977796052631579,0.3511513157894737,0.3282894736842105
702,0.19605596363544464,0.9780701754385965,0.3425164473684211,0.32960526315789473
703,0.17086604237556458,0.9780701754385965,0.34457236842105265,0.3282894736842105
704,0.192416712641716,0.9775219298245614,0.3495065789473684,0.3243421052631579
705,0.1934005320072174,0.9769736842105263,0.34662828947368424,0.3269736842105263
706,0.2102803736925125,0.977796052631579,0.3503289473684211,0.33289473684210524
707,0.18982508778572083,0.9783442982456141,0.35567434210526316,0.33421052631578946
708,0.18312440812587738,0.9775219298245614,0.34991776315789475,0.33223684210526316
709,0.19325225055217743,0.9788925438596491,0.3511513157894737,0.32894736842105265
710,0.19712692499160767,0.9783442982456141,0.3490953947368421,0.3223684210526316
711,0.17431288957595825,0.9783442982456141,0.3441611842105263,0.31842105263157894
712,0.1838665008544922,0.977796052631579,0.3462171052631579,0.33092105263157895
713,0.18676674365997314,0.9780701754385965,0.34662828947368424,0.3375
714,0.18385787308216095,0.9780701754385965,0.35074013157894735,0.33157894736842103
715,0.18613165616989136,0.9780701754385965,0.34991776315789475,0.3256578947368421
716,0.19154034554958344,0.9780701754385965,0.34786184210526316,0.3256578947368421
717,0.17268113791942596,0.9780701754385965,0.34786184210526316,0.32960526315789473
718,0.18653377890586853,0.9783442982456141,0.3462171052631579,0.33157894736842103
719,0.17586280405521393,0.9783442982456141,0.3449835526315789,0.33289473684210524
720,0.17410439252853394,0.9780701754385965,0.3458059210526316,0.33289473684210524
721,0.17459602653980255,0.9775219298245614,0.3441611842105263,0.33157894736842103
722,0.21261529624462128,0.9783442982456141,0.34786184210526316,0.3368421052631579
723,0.18138447403907776,0.9786184210526315,0.34539473684210525,0.3335526315789474
724,0.20782747864723206,0.9780701754385965,0.3462171052631579,0.3381578947368421
725,0.18027904629707336,0.9780701754385965,0.3490953947368421,0.3355263157894737
726,0.17491625249385834,0.9772478070175439,0.3462171052631579,0.3368421052631579
727,0.18505974113941193,0.9769736842105263,0.3470394736842105,0.34210526315789475
728,0.1847705841064453,0.9772478070175439,0.3458059210526316,0.3447368421052632
729,0.18835040926933289,0.9783442982456141,0.34662828947368424,0.3447368421052632
730,0.1948162168264389,0.9783442982456141,0.34745065789473684,0.3473684210526316
731,0.1874125897884369,0.9786184210526315,0.34375,0.35328947368421054
732,0.18896237015724182,0.9783442982456141,0.34745065789473684,0.3513157894736842
733,0.17175494134426117,0.977796052631579,0.3433388157894737,0.3493421052631579
734,0.17926307022571564,0.9780701754385965,0.34745065789473684,0.3480263157894737
735,0.19425107538700104,0.9780701754385965,0.34375,0.35328947368421054
736,0.18490704894065857,0.9775219298245614,0.3441611842105263,0.3460526315789474
737,0.179205060005188,0.9772478070175439,0.3441611842105263,0.3460526315789474
738,0.16765815019607544,0.9769736842105263,0.3441611842105263,0.34671052631578947
739,0.18587680160999298,0.9775219298245614,0.3425164473684211,0.3519736842105263
740,0.1813492625951767,0.9772478070175439,0.34375,0.34539473684210525
741,0.17153823375701904,0.9772478070175439,0.34292763157894735,0.34210526315789475
742,0.18052077293395996,0.9775219298245614,0.33881578947368424,0.3427631578947368
743,0.17852815985679626,0.9780701754385965,0.34004934210526316,0.3460526315789474
744,0.18650759756565094,0.977796052631579,0.3495065789473684,0.33881578947368424
745,0.17551690340042114,0.9772478070175439,0.35074013157894735,0.34078947368421053
746,0.19403648376464844,0.977796052631579,0.34004934210526316,0.3427631578947368
747,0.18035802245140076,0.977796052631579,0.33963815789473684,0.34407894736842104
748,0.18010887503623962,0.9775219298245614,0.33881578947368424,0.3401315789473684
749,0.19030874967575073,0.977796052631579,0.34292763157894735,0.34407894736842104
750,0.1751115322113037,0.977796052631579,0.34292763157894735,0.34407894736842104
751,0.1894790381193161,0.9775219298245614,0.3441611842105263,0.3355263157894737
752,0.17731554806232452,0.9772478070175439,0.3416940789473684,0.33289473684210524
753,0.18388664722442627,0.9783442982456141,0.34004934210526316,0.3348684210526316
754,0.1802811473608017,0.9786184210526315,0.3433388157894737,0.32763157894736844
755,0.17957212030887604,0.9780701754385965,0.34375,0.32960526315789473
756,0.19442813098430634,0.9780701754385965,0.34662828947368424,0.3401315789473684
757,0.17169995605945587,0.977796052631579,0.3470394736842105,0.3414473684210526
758,0.18733495473861694,0.9783442982456141,0.3495065789473684,0.33881578947368424
759,0.18701834976673126,0.9786184210526315,0.3519736842105263,0.3348684210526316
760,0.19448721408843994,0.9780701754385965,0.3515625,0.33026315789473687
761,0.18691474199295044,0.9780701754385965,0.3482730263157895,0.33157894736842103
762,0.1807815581560135,0.977796052631579,0.3470394736842105,0.3414473684210526
763,0.17255958914756775,0.977796052631579,0.34457236842105265,0.34210526315789475
764,0.18386612832546234,0.977796052631579,0.34539473684210525,0.3381578947368421
765,0.1869312971830368,0.9775219298245614,0.3495065789473684,0.34342105263157896
766,0.1695290058851242,0.9775219298245614,0.3519736842105263,0.3427631578947368
767,0.18634280562400818,0.9780701754385965,0.35074013157894735,0.34210526315789475
768,0.18104539811611176,0.9783442982456141,0.35526315789473684,0.34539473684210525
769,0.182643860578537,0.9780701754385965,0.3519736842105263,0.3381578947368421
770,0.1841442734003067,0.977796052631579,0.35074013157894735,0.3414473684210526
771,0.192546546459198,0.9772478070175439,0.3515625,0.3355263157894737
772,0.1717327982187271,0.977796052631579,0.3511513157894737,0.3375
773,0.16896884143352509,0.9772478070175439,0.3482730263157895,0.33881578947368424
774,0.18510417640209198,0.9775219298245614,0.34745065789473684,0.34078947368421053
775,0.17953281104564667,0.9775219298245614,0.34292763157894735,0.3401315789473684
776,0.18463650345802307,0.9772478070175439,0.34292763157894735,0.3361842105263158
777,0.17772752046585083,0.9764254385964912,0.3495065789473684,0.33421052631578946
778,0.1650496870279312,0.9769736842105263,0.3536184210526316,0.33092105263157895
779,0.1608501523733139,0.977796052631579,0.35074013157894735,0.3368421052631579
780,0.19071775674819946,0.9775219298245614,0.34868421052631576,0.33026315789473687
781,0.19139689207077026,0.9766995614035088,0.34745065789473684,0.33157894736842103
782,0.1868569701910019,0.9772478070175439,0.3482730263157895,0.3355263157894737
783,0.1908859759569168,0.9775219298245614,0.34662828947368424,0.3394736842105263
784,0.18406540155410767,0.977796052631579,0.3482730263157895,0.3427631578947368
785,0.17904528975486755,0.977796052631579,0.34210526315789475,0.3447368421052632
786,0.1913243979215622,0.9772478070175439,0.3404605263157895,0.3447368421052632
787,0.1897743195295334,0.9769736842105263,0.34292763157894735,0.34342105263157896
788,0.17858587205410004,0.9766995614035088,0.3441611842105263,0.34407894736842104
789,0.17174091935157776,0.9764254385964912,0.34375,0.3375
790,0.18491189181804657,0.9761513157894737,0.34539473684210525,0.32894736842105265
791,0.19145570695400238,0.9769736842105263,0.3482730263157895,0.33223684210526316
792,0.1926746964454651,0.977796052631579,0.34662828947368424,0.3282894736842105
793,0.192722886800766,0.9780701754385965,0.3503289473684211,0.3381578947368421
794,0.1769913136959076,0.9783442982456141,0.3441611842105263,0.3414473684210526
795,0.17473556101322174,0.9780701754385965,0.3416940789473684,0.3447368421052632
796,0.1765243113040924,0.977796052631579,0.3470394736842105,0.3381578947368421
797,0.17803193628787994,0.977796052631579,0.3515625,0.34078947368421053
798,0.18042540550231934,0.9769736842105263,0.3511513157894737,0.3480263157894737
799,0.18033090233802795,0.9766995614035088,0.3503289473684211,0.3480263157894737
800,0.18102926015853882,0.977796052631579,0.35074013157894735,0.3427631578947368
