epoch,loss,train_acc,val_acc,test_acc,gradient_norm
1,0.6914695501327515,0.5,0.5,0.5,0.2517902474802785
2,0.7793663740158081,0.5133333206176758,0.5149999856948853,0.5174999833106995,1.907435767540932
3,0.6069329380989075,0.8958333730697632,0.887499988079071,0.8650000095367432,1.7841789920797178
4,0.35971319675445557,0.9891666769981384,0.9799999594688416,0.9724999666213989,1.133579477920969
5,0.1774032562971115,0.9900000095367432,0.9925000071525574,0.9899999499320984,0.49485579686665393
6,0.08251433074474335,0.9883333444595337,0.9950000047683716,0.9899999499320984,0.241751464657137
7,0.050279561430215836,0.9925000071525574,0.9950000047683716,0.9925000071525574,0.18582427395894846
8,0.028258921578526497,0.9950000047683716,0.9975000023841858,0.9925000071525574,0.14385497432127675
9,0.021850738674402237,0.9950000047683716,0.9975000023841858,0.9925000071525574,0.13610419700362011
10,0.01208434347063303,0.996666669845581,0.9975000023841858,0.9925000071525574,0.10086277911665897
11,0.009251011535525322,0.9983333349227905,0.9975000023841858,0.9975000023841858,0.07824317379139056
12,0.004843384027481079,0.9991666674613953,0.9975000023841858,0.9950000047683716,0.06058737321289399
13,0.00479382136836648,0.9991666674613953,0.9975000023841858,0.9975000023841858,0.04571066911018721
14,0.002010235795751214,0.9991666674613953,0.9975000023841858,0.9975000023841858,0.0216367033819321
15,0.0004659697297029197,1.0,0.9975000023841858,0.9975000023841858,0.008649951178197092
16,0.0006976180011406541,1.0,0.9975000023841858,0.9975000023841858,0.0191100889891898
17,0.001763278036378324,1.0,0.9975000023841858,0.9975000023841858,0.04195558989229113
18,0.0002179354924010113,1.0,0.9975000023841858,0.9975000023841858,0.004226498147026293
19,0.0022950279526412487,1.0,0.9975000023841858,0.9975000023841858,0.03267187571426678
20,5.6254157243529335e-05,1.0,0.9975000023841858,0.9975000023841858,0.001643789267819652
21,0.00021301400556694716,1.0,0.9975000023841858,0.9975000023841858,0.007123776612983999
22,5.818804129376076e-05,1.0,0.9975000023841858,0.9975000023841858,0.0018606160215773216
23,3.237924101995304e-05,1.0,1.0,0.9975000023841858,0.0011009485670466618
24,3.688464130391367e-05,1.0,1.0,0.9975000023841858,0.000976641862181933
25,3.568055763025768e-05,1.0,1.0,0.9975000023841858,0.0013345079822019942
26,2.3159976990427822e-05,1.0,1.0,0.9975000023841858,0.0007247907923105867
27,1.499068002885906e-05,1.0,1.0,0.9975000023841858,0.0004264135031131065
28,0.00011704923235811293,1.0,1.0,0.9975000023841858,0.0029962842232944564
29,3.6294095480116084e-05,1.0,1.0,0.9975000023841858,0.0012641431865494774
30,7.4245363066438586e-06,1.0,1.0,0.9975000023841858,0.00016988193147765302
31,1.8381804693490267e-05,1.0,1.0,0.9975000023841858,0.0003595335378859987
32,7.899948832346126e-05,1.0,1.0,0.9975000023841858,0.002439671608988707
33,9.598477845429443e-06,1.0,1.0,0.9975000023841858,0.000390071234118841
34,2.087265056616161e-05,1.0,1.0,0.9975000023841858,0.00047964921293367304
35,2.5891606128425337e-05,1.0,1.0,0.9975000023841858,0.0006028301724614478
36,0.00043248708243481815,1.0,1.0,0.9975000023841858,0.02045856352693535
37,1.2225938007759396e-05,1.0,1.0,0.9975000023841858,0.0005013808957426662
38,1.5303148757084273e-05,1.0,1.0,0.9975000023841858,0.00048753573066243424
39,0.00039295581518672407,1.0,1.0,0.9975000023841858,0.013888329322212274
40,3.260661833337508e-05,1.0,1.0,0.9975000023841858,0.0008915659912323105
41,1.407723448210163e-05,1.0,1.0,0.9975000023841858,0.0003386419773240038
42,3.509504676912911e-05,1.0,1.0,0.9975000023841858,0.0010417200801781583
43,2.1821888367412612e-05,1.0,1.0,0.9975000023841858,0.0006673132007978528
44,0.00029346023802645504,1.0,1.0,0.9975000023841858,0.009072878994087864
45,3.282443867647089e-05,1.0,1.0,0.9975000023841858,0.0008096111346149223
46,0.00014631681551691145,1.0,1.0,0.9975000023841858,0.004839144983591073
47,0.0002693957358133048,1.0,1.0,0.9975000023841858,0.005514157266222662
48,2.1405076040537097e-05,1.0,1.0,0.9975000023841858,0.0003102853930224621
49,0.000195233995327726,1.0,1.0,0.9975000023841858,0.0034935369600354142
50,4.604736386681907e-05,1.0,1.0,0.9975000023841858,0.000855562706137672
51,8.99792430573143e-05,1.0,1.0,0.9975000023841858,0.001500767611195175
52,2.794199281197507e-05,1.0,1.0,0.9975000023841858,0.0003089836454849759
53,3.683132308651693e-05,1.0,1.0,0.9975000023841858,0.00039682311824980907
54,0.00010786060011014342,1.0,1.0,0.9975000023841858,0.002565299253725695
55,0.00018019662820734084,1.0,1.0,0.9975000023841858,0.0031473980971270773
56,4.874189107795246e-05,1.0,1.0,0.9975000023841858,0.0004980577090840748
57,8.041895489441231e-05,1.0,1.0,0.9975000023841858,0.0008693460820061337
58,0.00011869792797369882,1.0,1.0,0.9975000023841858,0.001130157870263549
59,0.00021378748351708055,1.0,1.0,0.9975000023841858,0.004315646262986935
60,0.0001466954272473231,1.0,1.0,0.9975000023841858,0.0015864613631245898
61,0.00016749890346545726,1.0,1.0,0.9975000023841858,0.0018316826010257182
62,0.00033624059869907796,1.0,1.0,0.9975000023841858,0.005413434683323742
63,0.0001301169686485082,1.0,1.0,0.9975000023841858,0.0009092990462718846
64,0.0003672974416986108,1.0,1.0,0.9975000023841858,0.0045962659767516114
65,0.0005968523910269141,1.0,1.0,0.9975000023841858,0.005745115344166458
66,0.00026639996212907135,1.0,1.0,0.9975000023841858,0.002209705331784335
67,0.0004925848334096372,1.0,1.0,0.9975000023841858,0.004472893566149088
68,0.00046166469110175967,1.0,1.0,0.9975000023841858,0.004583386283733285
69,0.0004457580507732928,1.0,1.0,0.9975000023841858,0.004297220612831103
70,0.00047904226812534034,1.0,1.0,0.9975000023841858,0.006465823046670638
71,0.00029098059167154133,1.0,1.0,0.9975000023841858,0.0021292199678508987
72,0.00035561935510486364,1.0,1.0,0.9975000023841858,0.0024184504123666607
73,0.0007136109052225947,1.0,1.0,0.9975000023841858,0.006351180579560265
74,0.0005518458201549947,1.0,1.0,0.9975000023841858,0.003213862137157466
75,0.00047865824308246374,1.0,1.0,0.9975000023841858,0.00299178592328644
76,0.0005440491950139403,1.0,1.0,0.9975000023841858,0.0036175713693376637
77,0.0007410004618577659,1.0,1.0,0.9975000023841858,0.004523152973815849
78,0.0006642419029958546,1.0,1.0,0.9975000023841858,0.003682317663178839
79,0.0006906259222887456,1.0,1.0,0.9975000023841858,0.0040026319961715285
80,0.000667646701913327,1.0,1.0,0.9975000023841858,0.003852644183697661
81,0.000958212825935334,1.0,1.0,0.9975000023841858,0.0050962164145447715
82,0.0008195200352929533,1.0,1.0,0.9975000023841858,0.0047444606724613165
83,0.0008859012741595507,1.0,1.0,0.9975000023841858,0.004475594841931115
84,0.0012111938558518887,1.0,1.0,0.9975000023841858,0.006042453517807948
85,0.0010307488264515996,1.0,1.0,0.9975000023841858,0.005315108205568777
86,0.0009395017987117171,1.0,1.0,0.9975000023841858,0.0048633584091419164
87,0.0011668635997921228,1.0,1.0,0.9975000023841858,0.0060372436268276725
88,0.0013606274733319879,1.0,1.0,0.9975000023841858,0.0065037475518823175
89,0.0011170427314937115,1.0,1.0,0.9975000023841858,0.005374706923938781
90,0.0013148743892088532,1.0,1.0,0.9975000023841858,0.006142065358903537
91,0.0011535744415596128,1.0,1.0,0.9975000023841858,0.0054063289338096955
92,0.0011610847432166338,1.0,1.0,0.9975000023841858,0.005689080514787719
93,0.0011035297065973282,1.0,1.0,0.9975000023841858,0.005308040963231062
94,0.001391353434883058,1.0,1.0,0.9975000023841858,0.006393338105350678
95,0.001296635833568871,1.0,1.0,0.9975000023841858,0.0059885528897306774
96,0.001413295860402286,1.0,1.0,0.9975000023841858,0.0064504105982574255
97,0.0012502759927883744,1.0,1.0,0.9975000023841858,0.00568694605042448
98,0.0011181461159139872,1.0,1.0,0.9975000023841858,0.005494509860529735
99,0.0011510695330798626,1.0,1.0,0.9975000023841858,0.005535655437707948
100,0.001247892971150577,1.0,1.0,0.9975000023841858,0.005710833226590488
101,0.0014128237962722778,1.0,1.0,0.9975000023841858,0.006555932523954986
102,0.0011952434433624148,1.0,1.0,0.9975000023841858,0.005512020749650772
103,0.0013522693188861012,1.0,1.0,0.9975000023841858,0.006119584072313926
104,0.001304737525060773,1.0,1.0,0.9975000023841858,0.006673272928272724
105,0.0011593373492360115,1.0,1.0,0.9975000023841858,0.005307508854851319
106,0.0012528195511549711,1.0,1.0,0.9975000023841858,0.007005057544072231
107,0.0012042357120662928,1.0,1.0,0.9975000023841858,0.00563438317436549
108,0.0011637030402198434,1.0,1.0,0.9975000023841858,0.0054475768661921
109,0.0009603327489458025,1.0,1.0,0.9975000023841858,0.004696737814791122
110,0.0009932616958394647,1.0,1.0,0.9975000023841858,0.00465546635882729
111,0.0008863091352395713,1.0,1.0,0.9975000023841858,0.004404256286107023
112,0.000951204972807318,1.0,1.0,0.9975000023841858,0.004522540762811775
113,0.0008699353784322739,1.0,1.0,0.9975000023841858,0.004923289142265249
114,0.0011241267202422023,1.0,1.0,0.9975000023841858,0.005149954237561735
115,0.000860230007674545,1.0,1.0,0.9975000023841858,0.004432100174777911
116,0.0010597354266792536,1.0,1.0,0.9975000023841858,0.005537428942198502
117,0.0009653432061895728,1.0,1.0,0.9975000023841858,0.004669420680239392
118,0.0009207379771396518,1.0,1.0,0.9975000023841858,0.004395466642046464
119,0.0007063601515255868,1.0,1.0,0.9975000023841858,0.003531249124325547
120,0.0008872011094354093,1.0,1.0,0.9975000023841858,0.004183250850480911
121,0.0007818078156560659,1.0,1.0,0.9975000023841858,0.003839984900666724
122,0.0009512922260910273,1.0,1.0,0.9975000023841858,0.004347003943447043
123,0.0008735396550036967,1.0,1.0,0.9975000023841858,0.00427735525214957
124,0.0009189377306029201,1.0,1.0,0.9975000023841858,0.004415346405601081
125,0.0008953815558925271,1.0,1.0,0.9975000023841858,0.00418279747638207
126,0.0007882254431024194,1.0,1.0,0.9975000023841858,0.0037599113612465374
127,0.0009483303874731064,1.0,1.0,0.9975000023841858,0.0044834493338598794
128,0.0009108211379498243,1.0,1.0,0.9975000023841858,0.004347990495471911
129,0.0008332490688189864,1.0,1.0,0.9975000023841858,0.00389777806509747
130,0.000938190845772624,1.0,1.0,0.9975000023841858,0.004535682482953702
131,0.0009730254532769322,1.0,1.0,0.9975000023841858,0.00458006968095578
132,0.0008070984622463584,1.0,1.0,0.9975000023841858,0.003813115635421182
133,0.0008053489145822823,1.0,1.0,0.9975000023841858,0.0038819097000982526
134,0.000894013443030417,1.0,1.0,0.9975000023841858,0.004031220977384162
135,0.0009189171832986176,1.0,1.0,0.9975000023841858,0.004251189875555126
136,0.0009867451153695583,1.0,1.0,0.9975000023841858,0.004712054933738218
137,0.0009406286408193409,1.0,1.0,0.9975000023841858,0.0045395857362618445
138,0.0006949898670427501,1.0,1.0,0.9975000023841858,0.0034690227582046718
139,0.0009374580695293844,1.0,1.0,0.9975000023841858,0.004677888251848698
140,0.0007573964539915323,1.0,1.0,0.9975000023841858,0.0036919418260462325
141,0.0007916296599432826,1.0,1.0,0.9975000023841858,0.003897268228360304
142,0.0007047192775644362,1.0,1.0,0.9975000023841858,0.0032755522002845994
143,0.0007510707946494222,1.0,1.0,0.9975000023841858,0.0034634236080850304
144,0.0008069163304753602,1.0,1.0,0.9975000023841858,0.004101919339734541
145,0.000696029863320291,1.0,1.0,0.9975000023841858,0.003289935660002157
146,0.00084954738849774,1.0,1.0,0.9975000023841858,0.003941495172586121
147,0.0009576597949489951,1.0,1.0,0.9975000023841858,0.004330958226241471
148,0.0007247227476909757,1.0,1.0,0.9975000023841858,0.0034228858438159343
149,0.0006623337394557893,1.0,1.0,0.9975000023841858,0.0030941834355938435
150,0.0010073580779135227,1.0,1.0,0.9975000023841858,0.0047287957946032175
151,0.0008333398145623505,1.0,1.0,0.9975000023841858,0.004308612867928124
152,0.0008077259990386665,1.0,1.0,0.9975000023841858,0.003744777263253495
153,0.0005746440729126334,1.0,1.0,0.9975000023841858,0.0028150349236647954
154,0.0007543672109022737,1.0,1.0,0.9975000023841858,0.0036139211864790206
155,0.0007148081203922629,1.0,1.0,0.9975000023841858,0.003333684052682455
156,0.000785366864874959,1.0,1.0,0.9975000023841858,0.0036627109152313868
157,0.0006489786319434643,1.0,1.0,0.9975000023841858,0.003104185521973285
158,0.0007881781784817576,1.0,1.0,0.9975000023841858,0.0037033263325209477
159,0.000641211518086493,1.0,1.0,0.9975000023841858,0.0031376922853948767
160,0.0006535875727422535,1.0,1.0,0.9975000023841858,0.003103708878802106
161,0.0005334069137461483,1.0,1.0,0.9975000023841858,0.0025685950811086067
162,0.0005306454841047525,1.0,1.0,0.9975000023841858,0.0026014034459241474
163,0.0005847891443409026,1.0,1.0,0.9975000023841858,0.002837926405101776
164,0.000672662747092545,1.0,1.0,0.9975000023841858,0.0032010525488552727
165,0.0006982368067838252,1.0,1.0,0.9975000023841858,0.003414592705270198
166,0.00071354751707986,1.0,1.0,0.9975000023841858,0.003380068469751734
167,0.0006995571893639863,1.0,1.0,0.9975000023841858,0.00343105205275726
168,0.000777941953856498,1.0,1.0,0.9975000023841858,0.0037075014989579875
169,0.0006966417422518134,1.0,1.0,0.9975000023841858,0.0032750191291608965
170,0.0007733162492513657,1.0,1.0,0.9975000023841858,0.003566753221869586
171,0.0007675865199416876,1.0,1.0,0.9975000023841858,0.003548633635265716
172,0.0008535865927115083,1.0,1.0,0.9975000023841858,0.004075313601600992
173,0.0007675810484215617,1.0,1.0,0.9975000023841858,0.0037555890885714463
174,0.0006423311424441636,1.0,1.0,0.9975000023841858,0.003162216267235356
175,0.0006635037716478109,1.0,1.0,0.9975000023841858,0.0033033556607563646
176,0.0006532876868732274,1.0,1.0,0.9975000023841858,0.003344878757377977
177,0.0006971605471335351,1.0,1.0,0.9975000023841858,0.003372271599874718
178,0.0007297462434507906,1.0,1.0,0.9975000023841858,0.0036028869698483622
179,0.00071593007305637,1.0,1.0,0.9975000023841858,0.0034774720695406364
180,0.0009388530161231756,1.0,1.0,0.9975000023841858,0.0047653263180346865
181,0.0006454959511756897,1.0,1.0,0.9975000023841858,0.003065957948448447
182,0.0005528805777430534,1.0,1.0,0.9975000023841858,0.0027063324172690558
183,0.0007503238157369196,1.0,1.0,0.9975000023841858,0.003849164917308882
184,0.0007604893762618303,1.0,1.0,0.9975000023841858,0.0035410691890181037
185,0.0007355681154876947,1.0,1.0,0.9975000023841858,0.0037286282166913913
186,0.0005803829408250749,1.0,1.0,0.9975000023841858,0.002824966801889185
187,0.0007893089787103236,1.0,1.0,0.9975000023841858,0.004274220849532978
188,0.0006578107131645083,1.0,1.0,0.9975000023841858,0.003185342547883985
189,0.0007747686468064785,1.0,1.0,0.9975000023841858,0.003664008404988077
190,0.0009079055744223297,1.0,1.0,0.9975000023841858,0.0047972915800777605
191,0.0007463814108632505,1.0,1.0,0.9975000023841858,0.0036154257204818615
192,0.000850739364977926,1.0,1.0,0.9975000023841858,0.0038630649727130406
193,0.0006972390692681074,1.0,1.0,0.9975000023841858,0.003602755370797041
194,0.0007982934475876391,1.0,1.0,0.9975000023841858,0.003914383529023113
195,0.0007790298550389707,1.0,1.0,0.9975000023841858,0.003774536753950527
196,0.0007864914950914681,1.0,1.0,0.9975000023841858,0.0037839979599926235
197,0.0006803302676416934,1.0,1.0,0.9975000023841858,0.003261428624854755
198,0.0006553758285008371,1.0,1.0,0.9975000023841858,0.0032893249924115164
199,0.000692203058861196,1.0,1.0,0.9975000023841858,0.0032346622525428618
200,0.0005722645437344909,1.0,1.0,0.9975000023841858,0.0028189730462868327
