dataset,model,seed,split_idx,num_layers,hidden_channels,epoch,layer_index,layer_name,num_nodes_used,mean_pairwise_cosine_distance,mean_edge_cosine_distance,dirichlet_energy,normalized_dirichlet_energy,embedding_dim,effective_rank,effective_rank_ratio,mean_embedding_norm,mean_feature_variance,gradient_norm
CSBM-H0.1,GCNPairNorm,4,0,8,128,1,1,convs.0,1024,0.9871225953102112,0.9365547895431519,8.096502304077148,1.8711323363935193,128,58.00937271118164,0.45319822430610657,2.0666773319244385,0.03335561603307724,0.6962292737861875
CSBM-H0.1,GCNPairNorm,4,0,8,128,1,2,pns.0,1024,1.0005697011947632,0.9495200514793396,1.8963452577590942,1.896350005072368,128,57.9518928527832,0.4527491629123688,0.9935075044631958,0.007812479976564646,0.6962292737861875
CSBM-H0.1,GCNPairNorm,4,0,8,128,1,3,convs.1,1024,0.20517313480377197,0.23823249340057373,0.11006074398756027,0.5145892991532118,128,75.30288696289062,0.588303804397583,0.4598832428455353,0.0003579004551284015,0.6962292737861875
CSBM-H0.1,GCNPairNorm,4,0,8,128,1,4,pns.1,1024,1.0004117488861084,1.1754579544067383,2.4019579887390137,2.4024825271068093,128,75.60413360595703,0.5906572937965393,0.9877148866653442,0.0078107938170433044,0.6962292737861875
CSBM-H0.1,GCNPairNorm,4,0,8,128,1,5,convs.2,1024,0.41855955123901367,0.6946121454238892,0.4897659122943878,1.5097851871648271,128,53.27023696899414,0.4161737263202667,0.5630500316619873,0.0011219630250707269,0.6962292737861875
CSBM-H0.1,GCNPairNorm,4,0,8,128,1,6,pns.2,1024,1.0002851486206055,1.618582010269165,3.410121440887451,3.4103586607311414,128,53.12431716918945,0.4150337278842926,0.9759389162063599,0.0078119561076164246,0.6962292737861875
CSBM-H0.1,GCNPairNorm,4,0,8,128,1,7,convs.3,1024,0.5397301316261292,0.9594144225120544,0.980625331401825,2.076850666171149,128,25.237520217895508,0.19716812670230865,0.6692321300506592,0.002052498981356621,0.6962292737861875
CSBM-H0.1,GCNPairNorm,4,0,8,128,1,8,pns.3,1024,0.999890923500061,1.7633800506591797,3.7324464321136475,3.732588819077266,128,25.292461395263672,0.19759735465049744,0.9749398231506348,0.007812201511114836,0.6962292737861875
CSBM-H0.1,GCNPairNorm,4,0,8,128,1,9,convs.4,1024,0.5367864370346069,0.9733911752700806,0.9384204745292664,2.111753899343615,128,10.675655364990234,0.0834035575389862,0.6563246250152588,0.0019334607059136033,0.6962292737861875
CSBM-H0.1,GCNPairNorm,4,0,8,128,1,10,pns.4,1024,0.9995213747024536,1.7865606546401978,3.7917046546936035,3.7918581170834003,128,10.728682518005371,0.08381783217191696,0.9766343235969543,0.007812183350324631,0.6962292737861875
CSBM-H0.1,GCNPairNorm,4,0,8,128,1,11,convs.5,1024,0.5218997001647949,0.9526859521865845,0.9700350165367126,2.0657594808973103,128,5.234578609466553,0.04089514538645744,0.6671033501625061,0.0019927832763642073,0.6962292737861875
CSBM-H0.1,GCNPairNorm,4,0,8,128,1,12,pns.5,1024,1.000104308128357,1.790386438369751,3.802772045135498,3.8029214218388194,128,5.208627223968506,0.04069240018725395,0.9758784770965576,0.007812193129211664,0.6962292737861875
CSBM-H0.1,GCNPairNorm,4,0,8,128,1,13,convs.6,1024,0.4134572744369507,0.755285382270813,0.7628609538078308,1.6456913296316897,128,3.8069591522216797,0.029741868376731873,0.6728065013885498,0.0015709162689745426,0.6962292737861875
CSBM-H0.1,GCNPairNorm,4,0,8,128,1,14,pns.6,1024,1.0002021789550781,1.784299612045288,3.7936809062957764,3.7938692744437224,128,3.8438544273376465,0.030030112713575363,0.9781399369239807,0.007812111638486385,0.6962292737861875
CSBM-H0.1,GCNPairNorm,4,0,8,128,1,15,convs.7,1024,0.8915873169898987,1.6145812273025513,0.4279942214488983,3.328320300730969,2,1.1784640550613403,0.5892320275306702,0.3435089886188507,0.05586284026503563,0.6962292737861875
CSBM-H0.1,GCNPairNorm,4,0,8,128,2,1,convs.0,1024,0.9879902005195618,0.9554271697998047,8.444891929626465,1.9135532109150042,128,57.62752914428711,0.45021507143974304,2.086299419403076,0.03403375297784805,0.3709333838742288
CSBM-H0.1,GCNPairNorm,4,0,8,128,2,2,pns.0,1024,1.000534176826477,0.9682311415672302,1.938533067703247,1.9385375739911428,128,57.566009521484375,0.4497344493865967,0.9930917024612427,0.007812481373548508,0.3709333838742288
CSBM-H0.1,GCNPairNorm,4,0,8,128,2,3,convs.1,1024,0.26103025674819946,0.3532501757144928,0.18579770624637604,0.7654661177970843,128,69.02577209472656,0.5392638444900513,0.4892999231815338,0.0005161073058843613,0.3709333838742288
CSBM-H0.1,GCNPairNorm,4,0,8,128,2,4,pns.1,1024,1.0005155801773071,1.354784607887268,2.8120601177215576,2.8124859162704543,128,68.98282623291016,0.5389283299446106,0.9797623753547668,0.007811316754668951,0.3709333838742288
CSBM-H0.1,GCNPairNorm,4,0,8,128,2,5,convs.2,1024,0.5497961044311523,0.9644618034362793,0.9577039480209351,2.0961921112986848,128,37.53697204589844,0.29325759410858154,0.6637814044952393,0.0020583535078912973,0.3709333838742288
CSBM-H0.1,GCNPairNorm,4,0,8,128,2,6,pns.2,1024,0.9987121224403381,1.7258800268173218,3.634835720062256,3.6349739499914704,128,37.354286193847656,0.2918303608894348,0.9706725478172302,0.007812202908098698,0.3709333838742288
CSBM-H0.1,GCNPairNorm,4,0,8,128,2,7,convs.3,1024,0.6413180828094482,1.1619333028793335,1.6916569471359253,2.503202197566677,128,11.497398376464844,0.08982342481613159,0.8045400977134705,0.0034873178228735924,0.3709333838742288
CSBM-H0.1,GCNPairNorm,4,0,8,128,2,8,pns.3,1024,0.9997476935386658,1.7898316383361816,3.789666175842285,3.7897515610510157,128,11.467020034790039,0.08958609402179718,0.9746657013893127,0.007812323048710823,0.3709333838742288
CSBM-H0.1,GCNPairNorm,4,0,8,128,2,9,convs.4,1024,0.6787176728248596,1.23606538772583,1.8919200897216797,2.6731754807793533,128,3.9613656997680664,0.03094816952943802,0.8276426196098328,0.003870603395625949,0.3709333838742288
CSBM-H0.1,GCNPairNorm,4,0,8,128,2,10,pns.4,1024,1.0006886720657349,1.7977169752120972,3.818610191345215,3.818687806877026,128,3.9183058738708496,0.030611764639616013,0.9761614203453064,0.007812341209501028,0.3709333838742288
CSBM-H0.1,GCNPairNorm,4,0,8,128,2,11,convs.5,1024,0.6887872219085693,1.2529444694519043,2.0950026512145996,2.6928073309167133,128,2.2054073810577393,0.017229745164513588,0.8630231618881226,0.004281487315893173,0.3709333838742288
CSBM-H0.1,GCNPairNorm,4,0,8,128,2,12,pns.5,1024,1.0001085996627808,1.7983779907226562,3.8227152824401855,3.8227852341572572,128,2.203573226928711,0.017215415835380554,0.9766819477081299,0.007812356110662222,0.3709333838742288
CSBM-H0.1,GCNPairNorm,4,0,8,128,2,13,convs.6,1024,0.6636843681335449,1.2067079544067383,1.9759151935577393,2.6115004992914757,128,1.7974858283996582,0.01404285803437233,0.8565736413002014,0.004035713151097298,0.3709333838742288
CSBM-H0.1,GCNPairNorm,4,0,8,128,2,14,pns.6,1024,0.9996981620788574,1.798203706741333,3.824983596801758,3.8250579219390484,128,1.7933635711669922,0.014010652899742126,0.9771127700805664,0.00781234772875905,0.3709333838742288
CSBM-H0.1,GCNPairNorm,4,0,8,128,2,15,convs.7,1024,0.9909406304359436,1.7919901609420776,1.005061388015747,3.7366309622724443,2,1.062386393547058,0.531193196773529,0.5013977289199829,0.1309712827205658,0.3709333838742288
CSBM-H0.1,GCNPairNorm,4,0,8,128,4,1,convs.0,1024,0.9876276254653931,0.992514967918396,9.065652847290039,2.000466760271251,128,56.786277770996094,0.443642795085907,2.1113064289093018,0.03495132923126221,0.16094943494479552
CSBM-H0.1,GCNPairNorm,4,0,8,128,4,2,pns.0,1024,1.000495433807373,1.005763053894043,2.0263965129852295,2.0264008611697557,128,56.85493469238281,0.4441791772842407,0.9916951060295105,0.00781248277053237,0.16094943494479552
CSBM-H0.1,GCNPairNorm,4,0,8,128,4,3,convs.1,1024,0.3870452642440796,0.6023237109184265,0.36711886525154114,1.3167645116819156,128,58.24007797241211,0.4550006091594696,0.5222115516662598,0.0008930792100727558,0.16094943494479552
CSBM-H0.1,GCNPairNorm,4,0,8,128,4,4,pns.1,1024,1.0005528926849365,1.5405454635620117,3.2112104892730713,3.2114913021171216,128,58.6400146484375,0.45812511444091797,0.9676644802093506,0.007811816409230232,0.16094943494479552
CSBM-H0.1,GCNPairNorm,4,0,8,128,4,5,convs.2,1024,0.6828091740608215,1.2300094366073608,1.8528738021850586,2.6418618059093073,128,20.48393440246582,0.16003073751926422,0.8141033053398132,0.003873613430187106,0.16094943494479552
CSBM-H0.1,GCNPairNorm,4,0,8,128,4,6,pns.2,1024,0.9994431138038635,1.7769371271133423,3.7368946075439453,3.7369698939218607,128,20.306209564208984,0.1586422622203827,0.9680660963058472,0.00781234260648489,0.16094943494479552
CSBM-H0.1,GCNPairNorm,4,0,8,128,4,7,convs.3,1024,0.7613901495933533,1.3832714557647705,2.9666147232055664,2.9726361075328827,128,4.7062506675720215,0.03676758334040642,0.9786937832832336,0.00608279462903738,0.16094943494479552
CSBM-H0.1,GCNPairNorm,4,0,8,128,4,8,pns.3,1024,1.0007619857788086,1.7987595796585083,3.810152769088745,3.8102018239256124,128,4.6970295906066895,0.03669554367661476,0.9747337698936462,0.007812398951500654,0.16094943494479552
CSBM-H0.1,GCNPairNorm,4,0,8,128,4,9,convs.4,1024,0.7912986278533936,1.4346332550048828,3.301835060119629,3.086708746566321,128,2.044196605682373,0.01597028598189354,1.0142463445663452,0.0067411866039037704,0.16094943494479552
CSBM-H0.1,GCNPairNorm,4,0,8,128,4,10,pns.4,1024,1.0008081197738647,1.8011457920074463,3.8265199661254883,3.8265642138396196,128,2.0353658199310303,0.015901295468211174,0.9758994579315186,0.007812408730387688,0.16094943494479552
CSBM-H0.1,GCNPairNorm,4,0,8,128,4,11,convs.5,1024,0.7982498407363892,1.4477685689926147,3.8735194206237793,3.098785688652558,128,1.5114078521728516,0.011807873845100403,1.093335747718811,0.007901844568550587,0.16094943494479552
CSBM-H0.1,GCNPairNorm,4,0,8,128,4,12,pns.5,1024,1.0007283687591553,1.8014150857925415,3.8296844959259033,3.8297226168916834,128,1.5178742408752441,0.011858392506837845,0.9766809344291687,0.007812421768903732,0.16094943494479552
CSBM-H0.1,GCNPairNorm,4,0,8,128,4,13,convs.6,1024,0.8053615093231201,1.4605385065078735,3.7470178604125977,3.1403627032509056,128,1.3944461345672607,0.010894110426306725,1.0714160203933716,0.007639175280928612,0.16094943494479552
CSBM-H0.1,GCNPairNorm,4,0,8,128,4,14,pns.6,1024,1.0002360343933105,1.8016443252563477,3.8319942951202393,3.832033809533659,128,1.400861144065857,0.010944227688014507,0.976808488368988,0.007812419440597296,0.16094943494479552
CSBM-H0.1,GCNPairNorm,4,0,8,128,4,15,convs.7,1024,0.9940665364265442,1.7929611206054688,1.4064545631408691,3.802862042898814,2,1.055344820022583,0.5276724100112915,0.593101978302002,0.18324923515319824,0.16094943494479552
CSBM-H0.1,GCNPairNorm,4,0,8,128,8,1,convs.0,1024,0.9888913631439209,1.0556159019470215,9.795611381530762,2.1548640795916363,128,55.15632247924805,0.43090876936912537,2.105933666229248,0.035133253782987595,0.1324218670219992
CSBM-H0.1,GCNPairNorm,4,0,8,128,8,2,pns.0,1024,1.0005574226379395,1.0675872564315796,2.178222417831421,2.1782270917996946,128,55.2213249206543,0.4314166009426117,0.9875679016113281,0.007812482304871082,0.1324218670219992
CSBM-H0.1,GCNPairNorm,4,0,8,128,8,3,convs.1,1024,0.5335191488265991,0.8992509841918945,0.7052333354949951,1.9710980304516132,128,44.52595520019531,0.3478590250015259,0.5866124629974365,0.0015911790542304516,0.1324218670219992
CSBM-H0.1,GCNPairNorm,4,0,8,128,8,4,pns.1,1024,1.000016689300537,1.6712173223495483,3.462441921234131,3.4626119847461836,128,44.47562026977539,0.34746578335762024,0.9579246044158936,0.007812116295099258,0.1324218670219992
CSBM-H0.1,GCNPairNorm,4,0,8,128,8,5,convs.2,1024,0.7894809246063232,1.4270925521850586,3.069730520248413,3.0193469305821785,128,9.525650978088379,0.07441914826631546,0.9727678894996643,0.006357640027999878,0.1324218670219992
CSBM-H0.1,GCNPairNorm,4,0,8,128,8,6,pns.2,1024,0.9997945427894592,1.794258713722229,3.7721498012542725,3.7721965680650564,128,9.607938766479492,0.07506202161312103,0.9674209356307983,0.00781240314245224,0.1324218670219992
CSBM-H0.1,GCNPairNorm,4,0,8,128,8,7,convs.3,1024,0.8307372331619263,1.5059183835983276,4.341174125671387,3.2278933091102227,128,2.482865571975708,0.01939738728106022,1.1353046894073486,0.008885709568858147,0.1324218670219992
CSBM-H0.1,GCNPairNorm,4,0,8,128,8,8,pns.3,1024,1.0008093118667603,1.801377296447754,3.8168163299560547,3.8168497727463597,128,2.4568917751312256,0.0191944669932127,0.9748268127441406,0.0078124310821294785,0.1324218670219992
CSBM-H0.1,GCNPairNorm,4,0,8,128,8,9,convs.4,1024,0.8627499938011169,1.563778281211853,5.0213942527771,3.349146320674547,128,1.5020197629928589,0.01173452939838171,1.1980429887771606,0.010241823270916939,0.1324218670219992
CSBM-H0.1,GCNPairNorm,4,0,8,128,8,10,pns.4,1024,1.0006752014160156,1.802665114402771,3.830308437347412,3.8303367472742,128,1.4975773096084595,0.01169982273131609,0.9758115410804749,0.0078124417923390865,0.1324218670219992
CSBM-H0.1,GCNPairNorm,4,0,8,128,8,11,convs.5,1024,0.8794876337051392,1.5906140804290771,6.537191867828369,3.3876181857684173,128,1.296379566192627,0.010127965360879898,1.3558677434921265,0.013324453495442867,0.1324218670219992
CSBM-H0.1,GCNPairNorm,4,0,8,128,8,12,pns.5,1024,1.0007168054580688,1.8029394149780273,3.832916021347046,3.832938638980702,128,1.3058009147644043,0.010201569646596909,0.9766435027122498,0.0078124538995325565,0.1324218670219992
CSBM-H0.1,GCNPairNorm,4,0,8,128,8,13,convs.6,1024,0.8944040536880493,1.617408037185669,7.010847091674805,3.4558800836821164,128,1.244307279586792,0.009721150621771812,1.392835021018982,0.0142807736992836,0.1324218670219992
CSBM-H0.1,GCNPairNorm,4,0,8,128,8,14,pns.6,1024,0.9988759756088257,1.8032863140106201,3.835361957550049,3.835382989360989,128,1.243981957435608,0.009718609042465687,0.9766591191291809,0.00781245669350028,0.1324218670219992
CSBM-H0.1,GCNPairNorm,4,0,8,128,8,15,convs.7,1024,0.997369110584259,1.799559235572815,2.334402084350586,3.8265266383131724,2,1.0354520082473755,0.5177260041236877,0.7627909183502197,0.3041622042655945,0.1324218670219992
CSBM-H0.1,GCNPairNorm,4,0,8,128,16,1,convs.0,1024,0.9902053475379944,1.1389135122299194,9.636625289916992,2.366334914405153,128,51.956932067871094,0.4059135317802429,1.9751638174057007,0.031514160335063934,0.08906895071610278
CSBM-H0.1,GCNPairNorm,4,0,8,128,16,2,pns.0,1024,1.0007096529006958,1.1508383750915527,2.388956069946289,2.388962050462134,128,52.02239227294922,0.40642493963241577,0.9784601330757141,0.007812480442225933,0.08906895071610278
CSBM-H0.1,GCNPairNorm,4,0,8,128,16,3,convs.1,1024,0.6786409020423889,1.185322642326355,1.0223616361618042,2.5660587198760925,128,29.720544815063477,0.2321917563676834,0.6124432682991028,0.002227325923740864,0.08906895071610278
CSBM-H0.1,GCNPairNorm,4,0,8,128,16,4,pns.1,1024,1.000186562538147,1.7408369779586792,3.5858781337738037,3.5860040281041,128,29.52557373046875,0.2306685447692871,0.9537478685379028,0.0078122252598404884,0.08906895071610278
CSBM-H0.1,GCNPairNorm,4,0,8,128,16,5,convs.2,1024,0.8547057509422302,1.5414655208587646,3.7998836040496826,3.2082931991386774,128,4.638796806335449,0.0362406000494957,1.0416146516799927,0.007841592654585838,0.08906895071610278
CSBM-H0.1,GCNPairNorm,4,0,8,128,16,6,pns.2,1024,1.0007812976837158,1.7997665405273438,3.7857484817504883,3.785785714068581,128,4.608879566192627,0.0360068716108799,0.9675958156585693,0.007812422700226307,0.08906895071610278
CSBM-H0.1,GCNPairNorm,4,0,8,128,16,7,convs.3,1024,0.8807181715965271,1.5926977396011353,5.016684532165527,3.403813730513686,128,1.7047282457351685,0.013318189419806004,1.18708336353302,0.01025920920073986,0.08906895071610278
CSBM-H0.1,GCNPairNorm,4,0,8,128,16,8,pns.3,1024,1.0007344484329224,1.8025264739990234,3.8202314376831055,3.8202601285443425,128,1.7065889835357666,0.013332726433873177,0.9749577045440674,0.007812440395355225,0.08906895071610278
CSBM-H0.1,GCNPairNorm,4,0,8,128,16,9,convs.4,1024,0.9076899886131287,1.6410468816757202,6.276975631713867,3.511003715969976,128,1.298969030380249,0.010148195549845695,1.3079791069030762,0.012795168906450272,0.08906895071610278
CSBM-H0.1,GCNPairNorm,4,0,8,128,16,10,pns.4,1024,1.0008518695831299,1.8034167289733887,3.832584857940674,3.8326086158332853,128,1.2944960594177246,0.010113250464200974,0.9758308529853821,0.007812451105564833,0.08906895071610278
CSBM-H0.1,GCNPairNorm,4,0,8,128,16,11,convs.5,1024,0.9260550737380981,1.672815203666687,9.228500366210938,3.559551490915023,128,1.2058862447738647,0.009420986287295818,1.5717523097991943,0.018801342695951462,0.08906895071610278
CSBM-H0.1,GCNPairNorm,4,0,8,128,16,12,pns.5,1024,1.0001885890960693,1.8037067651748657,3.8346920013427734,3.834707772424,128,1.2048174142837524,0.009412636049091816,0.9766109585762024,0.0078124674037098885,0.08906895071610278
CSBM-H0.1,GCNPairNorm,4,0,8,128,16,13,convs.6,1024,0.9409966468811035,1.7014660835266113,12.77961254119873,3.628863754332082,128,1.1680293083190918,0.009125228971242905,1.834147334098816,0.026020057499408722,0.08906895071610278
CSBM-H0.1,GCNPairNorm,4,0,8,128,16,14,pns.6,1024,1.0005563497543335,1.8040000200271606,3.8370556831359863,3.837067575902578,128,1.1647965908050537,0.009099973365664482,0.9766382575035095,0.00781247578561306,0.08906895071610278
CSBM-H0.1,GCNPairNorm,4,0,8,128,16,15,convs.7,1024,0.9977643489837646,1.801171898841858,5.043615818023682,3.8286959015434356,2,1.0285587310791016,0.5142793655395508,1.1206897497177124,0.6572475433349609,0.08906895071610278
CSBM-H0.1,GCNPairNorm,4,0,8,128,32,1,convs.0,1024,0.9882998466491699,1.216193437576294,6.902754783630371,2.55952189197872,128,46.86103820800781,0.36610186100006104,1.5885303020477295,0.020863868296146393,0.04221286158595774
CSBM-H0.1,GCNPairNorm,4,0,8,128,32,2,pns.0,1024,1.000313639640808,1.2299103736877441,2.5847346782684326,2.5847443842229967,128,47.00684356689453,0.3672409653663635,0.9669229984283447,0.007812470197677612,0.04221286158595774
CSBM-H0.1,GCNPairNorm,4,0,8,128,32,3,convs.1,1024,0.7439332604408264,1.3164390325546265,0.7034689784049988,2.806414763681932,128,18.888608932495117,0.1475672572851181,0.48152345418930054,0.0015150767285376787,0.04221286158595774
CSBM-H0.1,GCNPairNorm,4,0,8,128,32,4,pns.1,1024,1.0004914999008179,1.7649526596069336,3.627253532409668,3.627440772277641,128,18.994834899902344,0.14839714765548706,0.9533140659332275,0.0078120967373251915,0.04221286158595774
CSBM-H0.1,GCNPairNorm,4,0,8,128,32,5,convs.2,1024,0.8724887371063232,1.5714397430419922,2.603203535079956,3.2214361608161997,128,2.948277235031128,0.023033415898680687,0.8526808023452759,0.005362602882087231,0.04221286158595774
CSBM-H0.1,GCNPairNorm,4,0,8,128,32,6,pns.2,1024,0.999896228313446,1.8011624813079834,3.7924180030822754,3.7924733850943655,128,2.975555181503296,0.0232465248554945,0.96761554479599,0.007812385447323322,0.04221286158595774
CSBM-H0.1,GCNPairNorm,4,0,8,128,32,7,convs.3,1024,0.9071508646011353,1.6379752159118652,3.4654157161712646,3.4948836406883848,128,1.4668115377426147,0.011459465138614178,0.9733577966690063,0.007086343131959438,0.04221286158595774
CSBM-H0.1,GCNPairNorm,4,0,8,128,32,8,pns.3,1024,1.000113606452942,1.8029049634933472,3.8204843997955322,3.8205265282039473,128,1.4685505628585815,0.011473051272332668,0.9751277565956116,0.007812413852661848,0.04221286158595774
CSBM-H0.1,GCNPairNorm,4,0,8,128,32,9,convs.4,1024,0.9221829175949097,1.6671953201293945,5.144459247589111,3.5626048951539655,128,1.2352694272994995,0.00965054240077734,1.1746189594268799,0.010481455363333225,0.04221286158595774
CSBM-H0.1,GCNPairNorm,4,0,8,128,32,10,pns.4,1024,1.0008776187896729,1.8036746978759766,3.834465742111206,3.8344940827647602,128,1.2356483936309814,0.009653503075242043,0.9757766723632812,0.007812440861016512,0.04221286158595774
CSBM-H0.1,GCNPairNorm,4,0,8,128,32,11,convs.5,1024,0.9344035983085632,1.6896953582763672,7.536291122436523,3.6065722583880384,128,1.181783676147461,0.009232684969902039,1.4138190746307373,0.01535387896001339,0.04221286158595774
CSBM-H0.1,GCNPairNorm,4,0,8,128,32,12,pns.5,1024,1.000931978225708,1.8038463592529297,3.8346638679504395,3.83468352453608,128,1.1778843402862549,0.009202221408486366,0.9767084121704102,0.007812459487468004,0.04221286158595774
CSBM-H0.1,GCNPairNorm,4,0,8,128,32,13,convs.6,1024,0.9386342763900757,1.6960234642028809,15.06367015838623,3.623175713345413,128,1.1569445133209229,0.00903862901031971,1.9944874048233032,0.03066594898700714,0.04221286158595774
CSBM-H0.1,GCNPairNorm,4,0,8,128,32,14,pns.6,1024,1.0005486011505127,1.8039630651474,3.837631940841675,3.837641547974647,128,1.159441590309143,0.00905813742429018,0.9766836762428284,0.007812479976564646,0.04221286158595774
CSBM-H0.1,GCNPairNorm,4,0,8,128,32,15,convs.7,1024,0.9996082186698914,1.8032413721084595,12.192214012145996,3.832011181489994,2,1.0197484493255615,0.5098742246627808,1.7416763305664062,1.5891809463500977,0.04221286158595774
CSBM-H0.1,GCNPairNorm,4,0,8,128,50,1,convs.0,1024,0.9875534176826477,1.23988938331604,4.0315141677856445,2.615470293746676,128,42.16570281982422,0.3294195532798767,1.1960572004318237,0.01191358920186758,0.023730896764569846
CSBM-H0.1,GCNPairNorm,4,0,8,128,50,2,pns.0,1024,1.0002620220184326,1.2552329301834106,2.6437034606933594,2.6437207942776304,128,42.53354263305664,0.332293301820755,0.9629879593849182,0.007812448777258396,0.023730896764569846
CSBM-H0.1,GCNPairNorm,4,0,8,128,50,3,convs.1,1024,0.7005640268325806,1.2348531484603882,0.2863035202026367,2.6407791970389085,128,15.716245651245117,0.12278316915035248,0.31613460183143616,0.0006209664861671627,0.023730896764569846
CSBM-H0.1,GCNPairNorm,4,0,8,128,50,4,pns.1,1024,1.0003670454025269,1.75808584690094,3.6015868186950684,3.602040046843224,128,15.546798706054688,0.12145936489105225,0.9513039588928223,0.007811516523361206,0.023730896764569846
CSBM-H0.1,GCNPairNorm,4,0,8,128,50,5,convs.2,1024,0.7947216033935547,1.4351258277893066,0.8706254363059998,2.905885640171158,128,3.201035499572754,0.02500808984041214,0.5100927352905273,0.0017999161500483751,0.023730896764569846
CSBM-H0.1,GCNPairNorm,4,0,8,128,50,6,pns.2,1024,0.998056948184967,1.798279047012329,3.778768539428711,3.778932515553911,128,3.2162623405456543,0.025127049535512924,0.9642235636711121,0.007812160067260265,0.023730896764569846
CSBM-H0.1,GCNPairNorm,4,0,8,128,50,7,convs.3,1024,0.9014027714729309,1.631052851676941,1.5231657028198242,3.4335021366276814,128,1.5493433475494385,0.012104244902729988,0.6465718150138855,0.0031238822266459465,0.023730896764569846
CSBM-H0.1,GCNPairNorm,4,0,8,128,50,8,pns.3,1024,1.0006189346313477,1.8026076555252075,3.8091814517974854,3.8092765859895663,128,1.5433776378631592,0.012057637795805931,0.974531888961792,0.0078123039565980434,0.023730896764569846
CSBM-H0.1,GCNPairNorm,4,0,8,128,50,9,convs.4,1024,0.9109753370285034,1.6498970985412598,2.8897929191589355,3.5318394701601195,128,1.2562707662582397,0.009814615361392498,0.8841030597686768,0.005886969156563282,0.023730896764569846
CSBM-H0.1,GCNPairNorm,4,0,8,128,50,10,pns.4,1024,1.0008991956710815,1.8034980297088623,3.8349459171295166,3.834996662691779,128,1.2574657201766968,0.009823950938880444,0.9750126004219055,0.007812395691871643,0.023730896764569846
CSBM-H0.1,GCNPairNorm,4,0,8,128,50,11,convs.5,1024,0.9018955230712891,1.6296308040618896,4.207426071166992,3.4849885436430177,128,1.2134605646133423,0.009480160661041737,1.0761247873306274,0.008580038323998451,0.023730896764569846
CSBM-H0.1,GCNPairNorm,4,0,8,128,50,12,pns.5,1024,1.0005948543548584,1.803260087966919,3.831009864807129,3.831044802061004,128,1.2149499654769897,0.009491796605288982,0.9770155549049377,0.007812428288161755,0.023730896764569846
CSBM-H0.1,GCNPairNorm,4,0,8,128,50,13,convs.6,1024,0.8972582817077637,1.6267962455749512,9.086332321166992,3.482517207742513,128,1.1920169591903687,0.009312632493674755,1.5809011459350586,0.018498238176107407,0.023730896764569846
CSBM-H0.1,GCNPairNorm,4,0,8,128,50,14,pns.6,1024,1.0008527040481567,1.8034274578094482,3.837482452392578,3.837498463683871,128,1.1927287578582764,0.009318193420767784,0.9766096472740173,0.007812466472387314,0.023730896764569846
CSBM-H0.1,GCNPairNorm,4,0,8,128,50,15,convs.7,1024,1.0003082752227783,1.803636908531189,19.87396240234375,3.831495084632861,2,1.0178204774856567,0.5089102387428284,2.224613904953003,2.591890811920166,0.023730896764569846
CSBM-H0.1,GCNPairNorm,4,0,8,128,100,1,convs.0,1024,0.9936875700950623,1.438672423362732,3.3464608192443848,3.0362661650955616,128,28.788755416870117,0.2249121516942978,0.9659663438796997,0.008568881079554558,0.02570350682372012
CSBM-H0.1,GCNPairNorm,4,0,8,128,100,2,pns.0,1024,1.000691294670105,1.4481277465820312,3.051038980484009,3.0510664410014505,128,28.709875106811523,0.22429589927196503,0.9198359847068787,0.007812429219484329,0.02570350682372012
CSBM-H0.1,GCNPairNorm,4,0,8,128,100,3,convs.1,1024,0.9505879282951355,1.715235710144043,1.4657081365585327,3.551416573237481,128,2.519057512283325,0.019680136814713478,0.6127468347549438,0.003103139577433467,0.02570350682372012
CSBM-H0.1,GCNPairNorm,4,0,8,128,100,4,pns.1,1024,0.9980210065841675,1.7994155883789062,3.689990520477295,3.6900831177826277,128,2.520763635635376,0.019693465903401375,0.951490581035614,0.007812303025275469,0.02570350682372012
CSBM-H0.1,GCNPairNorm,4,0,8,128,100,5,convs.2,1024,0.9367263317108154,1.692786455154419,1.3050386905670166,3.513006678348388,128,1.3293925523757935,0.010385879315435886,0.5843918919563293,0.002682408085092902,0.02570350682372012
CSBM-H0.1,GCNPairNorm,4,0,8,128,100,6,pns.2,1024,1.0005203485488892,1.8030508756637573,3.800807476043701,3.800918713276876,128,1.3251546621322632,0.010352770797908306,0.9684228897094727,0.007812270428985357,0.02570350682372012
CSBM-H0.1,GCNPairNorm,4,0,8,128,100,7,convs.3,1024,0.8736401200294495,1.5836998224258423,0.5656310319900513,3.35717173989873,128,1.2703490257263184,0.009924601763486862,0.39949896931648254,0.0011562523432075977,0.02570350682372012
CSBM-H0.1,GCNPairNorm,4,0,8,128,100,8,pns.3,1024,1.0002648830413818,1.8027135133743286,3.8215651512145996,3.8218232468210847,128,1.2680524587631226,0.009906659834086895,0.9753119349479675,0.007811971940100193,0.02570350682372012
CSBM-H0.1,GCNPairNorm,4,0,8,128,100,9,convs.4,1024,0.8866333961486816,1.6074190139770508,0.9007765054702759,3.3889851918661784,128,1.2335100173950195,0.00963679701089859,0.5000137686729431,0.0018355511128902435,0.02570350682372012
CSBM-H0.1,GCNPairNorm,4,0,8,128,100,10,pns.4,1024,1.0008840560913086,1.8032554388046265,3.8337342739105225,3.833897435830187,128,1.237369418144226,0.009666948579251766,0.976153552532196,0.007812167052179575,0.02570350682372012
CSBM-H0.1,GCNPairNorm,4,0,8,128,100,11,convs.5,1024,0.549755334854126,1.0019044876098633,1.0166256427764893,2.173186946033099,128,1.4202232360839844,0.011095494031906128,0.6748948097229004,0.0020830698776990175,0.02570350682372012
CSBM-H0.1,GCNPairNorm,4,0,8,128,100,12,pns.5,1024,1.0001235008239746,1.7939839363098145,3.812685012817383,3.812828188047318,128,1.4229791164398193,0.011117024347186089,0.9778259992599487,0.007812206167727709,0.02570350682372012
CSBM-H0.1,GCNPairNorm,4,0,8,128,100,13,convs.6,1024,0.9144094586372375,1.6546995639801025,2.401685953140259,3.5402712225504156,128,1.200418472290039,0.00937826931476593,0.8065006136894226,0.0048896754160523415,0.02570350682372012
CSBM-H0.1,GCNPairNorm,4,0,8,128,100,14,pns.6,1024,1.0007394552230835,1.803861141204834,3.837242841720581,3.8373045964384698,128,1.1989860534667969,0.00936707854270935,0.9769077897071838,0.007812374271452427,0.02570350682372012
CSBM-H0.1,GCNPairNorm,4,0,8,128,100,15,convs.7,1024,1.000620722770691,1.804213523864746,33.260215759277344,3.8182189618511626,2,1.0131173133850098,0.5065586566925049,2.883589029312134,4.345489501953125,0.02570350682372012
CSBM-H0.1,GCNPairNorm,4,0,8,128,150,1,convs.0,1024,0.9911813139915466,1.3887519836425781,0.6379864811897278,2.94145821470735,128,22.991458892822266,0.17962077260017395,0.43223604559898376,0.001680481480434537,0.008641043495602106
CSBM-H0.1,GCNPairNorm,4,0,8,128,150,2,pns.0,1024,1.0001567602157593,1.4025096893310547,2.96583890914917,2.9659771558127312,128,22.947084426879883,0.17927409708499908,0.9277957081794739,0.007812135852873325,0.008641043495602106
CSBM-H0.1,GCNPairNorm,4,0,8,128,150,3,convs.1,1024,0.9454057812690735,1.6996076107025146,0.3996839225292206,3.5099630700789124,128,2.2555646896362305,0.01762159913778305,0.3206208050251007,0.0008496418595314026,0.008641043495602106
CSBM-H0.1,GCNPairNorm,4,0,8,128,150,4,pns.1,1024,0.9997743964195251,1.7992093563079834,3.6747751235961914,3.6751131236284826,128,2.2409324645996094,0.017507284879684448,0.94780433177948,0.007811781018972397,0.008641043495602106
CSBM-H0.1,GCNPairNorm,4,0,8,128,150,5,convs.2,1024,0.9076868295669556,1.6430679559707642,0.1718273162841797,3.468482071210728,128,1.3482309579849243,0.010533054359257221,0.21525296568870544,0.00035377455060370266,0.008641043495602106
CSBM-H0.1,GCNPairNorm,4,0,8,128,150,6,pns.2,1024,1.0001002550125122,1.802748680114746,3.7936718463897705,3.794509581535459,128,1.3477312326431274,0.010529150255024433,0.9678443670272827,0.007810775190591812,0.008641043495602106
CSBM-H0.1,GCNPairNorm,4,0,8,128,150,7,convs.3,1024,0.8532310128211975,1.5470302104949951,0.1304103285074234,3.223569506313524,128,1.275701642036438,0.009966419078409672,0.19346751272678375,0.00026696486747823656,0.008641043495602106
CSBM-H0.1,GCNPairNorm,4,0,8,128,150,8,pns.3,1024,1.0006444454193115,1.802405834197998,3.81523060798645,3.816347040610034,128,1.2787604331970215,0.00999031588435173,0.973909318447113,0.007810214534401894,0.008641043495602106
CSBM-H0.1,GCNPairNorm,4,0,8,128,150,9,convs.4,1024,0.8833771347999573,1.601274847984314,0.4009234607219696,3.4029558412215546,128,1.2256861925125122,0.009575673379004002,0.33436277508735657,0.000817091204226017,0.008641043495602106
CSBM-H0.1,GCNPairNorm,4,0,8,128,150,10,pns.4,1024,1.0005208253860474,1.8031644821166992,3.833005428314209,3.833371921095934,128,1.2266229391098022,0.00958299171179533,0.9758583903312683,0.007811753079295158,0.008641043495602106
CSBM-H0.1,GCNPairNorm,4,0,8,128,150,11,convs.5,1024,0.20019280910491943,0.36821141839027405,0.16930796205997467,0.8116341032669551,128,1.6929866075515747,0.013226457871496677,0.4526152014732361,0.0003550671972334385,0.008641043495602106
CSBM-H0.1,GCNPairNorm,4,0,8,128,150,12,pns.5,1024,0.9997652173042297,1.7589486837387085,3.724443197250366,3.7252625357363742,128,1.6921168565750122,0.013219662941992283,0.9799182415008545,0.007810781244188547,0.008641043495602106
CSBM-H0.1,GCNPairNorm,4,0,8,128,150,13,convs.6,1024,0.9271348714828491,1.675828456878662,0.829077959060669,3.560465087259055,128,1.2086695432662964,0.00944273080676794,0.47057265043258667,0.0016902327770367265,0.008641043495602106
CSBM-H0.1,GCNPairNorm,4,0,8,128,150,14,pns.6,1024,1.0009281635284424,1.8041682243347168,3.8319411277770996,3.832117918686215,128,1.2078031301498413,0.009435961954295635,0.975681483745575,0.007812138646841049,0.008641043495602106
CSBM-H0.1,GCNPairNorm,4,0,8,128,150,15,convs.7,1024,1.0001375675201416,1.8042936325073242,40.663169860839844,3.8050642779784294,2,1.0114880800247192,0.5057440400123596,3.200150728225708,5.335206508636475,0.008641043495602106
CSBM-H0.1,GCNPairNorm,4,0,8,128,200,1,convs.0,1024,0.9860827922821045,1.213701844215393,0.13356365263462067,2.565901607620208,128,27.131784439086914,0.21196706593036652,0.21385706961154938,0.0004013529105577618,0.006216691629403554
CSBM-H0.1,GCNPairNorm,4,0,8,128,200,2,pns.0,1024,1.0002200603485107,1.2309292554855347,2.599365472793579,2.599871121613373,128,27.241365432739258,0.21282316744327545,0.9370412230491638,0.0078109800815582275,0.006216691629403554
CSBM-H0.1,GCNPairNorm,4,0,8,128,200,3,convs.1,1024,0.857456624507904,1.496653437614441,0.05334537476301193,3.113258730704497,128,2.9865572452545166,0.02333247847855091,0.1209099218249321,0.0001212676870636642,0.006216691629403554
CSBM-H0.1,GCNPairNorm,4,0,8,128,200,4,pns.1,1024,0.9990323185920715,1.7411952018737793,3.434488296508789,3.4367006043509836,128,2.993807315826416,0.023389119654893875,0.9106549620628357,0.007807469926774502,0.006216691629403554
CSBM-H0.1,GCNPairNorm,4,0,8,128,200,5,convs.2,1024,0.5085446834564209,0.9231578707695007,0.023043934255838394,2.0288754694133315,128,1.8115997314453125,0.014153122901916504,0.1021788939833641,4.887313843937591e-05,0.006216691629403554
CSBM-H0.1,GCNPairNorm,4,0,8,128,200,6,pns.2,1024,0.9986014366149902,1.7762662172317505,3.6777541637420654,3.6836331463531704,128,1.841578722000122,0.014387333765625954,0.9515765905380249,0.007800030522048473,0.006216691629403554
CSBM-H0.1,GCNPairNorm,4,0,8,128,200,7,convs.3,1024,0.7120215892791748,1.295701026916504,0.07031401246786118,2.7695725467584644,128,1.4733473062515259,0.011510525830090046,0.1547156721353531,0.00014642151654697955,0.006216691629403554
CSBM-H0.1,GCNPairNorm,4,0,8,128,200,8,pns.3,1024,1.0000234842300415,1.7944695949554443,3.7496893405914307,3.75169005220515,128,1.468820333480835,0.011475158855319023,0.9670258164405823,0.007808333728462458,0.006216691629403554
CSBM-H0.1,GCNPairNorm,4,0,8,128,200,9,convs.4,1024,0.858524739742279,1.5371438264846802,0.24383072555065155,2.6059956426598885,128,1.2046922445297241,0.00941165816038847,0.2567201554775238,0.0004992615431547165,0.006216691629403554
CSBM-H0.1,GCNPairNorm,4,0,8,128,200,10,pns.4,1024,1.000736951828003,1.803724765777588,3.814892530441284,3.8154897377521597,128,1.2014533281326294,0.009386354126036167,0.9685965776443481,0.00781127717345953,0.006216691629403554
CSBM-H0.1,GCNPairNorm,4,0,8,128,200,11,convs.5,1024,0.5018472671508789,0.9083153009414673,0.4848323464393616,1.968640596574698,128,1.425432801246643,0.011136193759739399,0.4900132119655609,0.0009979677852243185,0.006216691629403554
CSBM-H0.1,GCNPairNorm,4,0,8,128,200,12,pns.5,1024,1.0002593994140625,1.7918753623962402,3.795168876647949,3.795466139466003,128,1.4207334518432617,0.011099480092525482,0.977681040763855,0.007811888121068478,0.006216691629403554
CSBM-H0.1,GCNPairNorm,4,0,8,128,200,13,convs.6,1024,0.9658992886543274,1.7435377836227417,1.5854904651641846,3.716081959087513,128,1.1085673570632935,0.00866068247705698,0.6382048726081848,0.003226969623938203,0.006216691629403554
CSBM-H0.1,GCNPairNorm,4,0,8,128,200,14,pns.6,1024,1.0006563663482666,1.8044673204421997,3.8383824825286865,3.8384758292519052,128,1.1118546724319458,0.008686364628374577,0.9763935804367065,0.0078123100101947784,0.006216691629403554
CSBM-H0.1,GCNPairNorm,4,0,8,128,200,15,convs.7,1024,1.0007216930389404,1.8044568300247192,45.63850021362305,3.8244030413377,2,1.0102226734161377,0.5051113367080688,3.3793301582336426,5.965359687805176,0.006216691629403554
