dataset,architecture,num_layers,hidden_channels,seed,graph_seed,split_idx,target_homophily,realized_homophily,baseline_best_epoch,baseline_best_test_acc,baseline_best_val_acc,baseline_best_hidden_pairwise_distance,baseline_best_hidden_edge_distance,baseline_best_hidden_rank_ratio,baseline_best_hidden_normalized_dirichlet,baseline_final_hidden_pairwise_distance,baseline_final_hidden_edge_distance,baseline_final_hidden_rank_ratio,baseline_final_hidden_normalized_dirichlet,pairnorm_best_epoch,pairnorm_best_test_acc,pairnorm_best_val_acc,pairnorm_best_hidden_pairwise_distance,pairnorm_best_hidden_edge_distance,pairnorm_best_hidden_rank_ratio,pairnorm_best_hidden_normalized_dirichlet,pairnorm_final_hidden_pairwise_distance,pairnorm_final_hidden_edge_distance,pairnorm_final_hidden_rank_ratio,pairnorm_final_hidden_normalized_dirichlet,delta_best_epoch,delta_best_test_acc,delta_best_val_acc,delta_best_hidden_pairwise_distance,delta_best_hidden_edge_distance,delta_best_hidden_rank_ratio,delta_best_hidden_normalized_dirichlet,delta_final_hidden_pairwise_distance,delta_final_hidden_edge_distance,delta_final_hidden_rank_ratio,delta_final_hidden_normalized_dirichlet,accuracy_delta_pp
CSBM-H0.1,GCN,2,128,1,1,0,0.1,0.09996520727872849,8,0.9975000023841858,1.0,0.9318819642066956,1.1874343156814575,0.3719905614852905,2.548996788111366,0.4232126474380493,0.6986404657363892,0.057725328952074,1.6518698397786085,8,0.9975000023841858,1.0,1.0006117820739746,1.2892379760742188,0.3637332022190094,2.7408507048318094,0.9999046921730042,1.558463454246521,0.1858865767717361,3.232281896288176,0,0.0,0.0,0.06872981786727905,0.10180366039276123,-0.008257359266281128,0.19185391672044316,0.5766920447349548,0.8598229885101318,0.1281612478196621,1.5804120565095676,0.0
CSBM-H0.1,GCN,2,128,2,2,0,0.1,0.10044276714324951,7,1.0,1.0,0.9263163208961488,1.16303288936615,0.3761738836765289,2.487848984861944,0.40947026014328,0.6819121241569519,0.0644113793969154,1.6071666716449242,5,1.0,1.0,1.0004194974899292,1.091124176979065,0.426203042268753,2.241668027642309,1.0006178617477417,1.560239315032959,0.1812464296817779,3.246078207911009,-2,0.0,0.0,0.0741031765937804,-0.07190871238708496,0.05002915859222412,-0.24618095721963495,0.5911476016044617,0.8783271908760071,0.1168350502848625,1.6389115362660849,0.0
CSBM-H0.1,GCN,2,128,3,3,0,0.1,0.10047942399978638,10,0.9975000023841858,1.0,0.9127827286720276,1.183206558227539,0.3681584596633911,2.532215281952819,0.4438550472259521,0.7220935821533203,0.0591429658234119,1.690478363629128,4,0.9975000023841858,1.0,1.000572681427002,1.127014398574829,0.4209950268268585,2.3218573510310194,1.0008052587509155,1.5766022205352783,0.177174836397171,3.278489552071555,-6,0.0,0.0,0.08778995275497437,-0.05619215965270996,0.05283656716346741,-0.21035793092179977,0.5569502115249634,0.854508638381958,0.11803187057375909,1.588011188442427,0.0
CSBM-H0.1,GCN,2,128,4,4,0,0.1,0.09760119765996933,7,1.0,1.0,0.929252564907074,1.1565347909927368,0.381647914648056,2.461833240184793,0.4239275455474853,0.7042547464370728,0.0678555145859718,1.6559505932638536,7,1.0,1.0,1.0006712675094604,1.26982319355011,0.3743192553520202,2.685318578379335,1.0004826784133911,1.5571120977401731,0.1890094727277755,3.227526223369824,0,0.0,0.0,0.07141870260238647,0.11328840255737327,-0.007328659296035767,0.2234853381945423,0.5765551328659058,0.8528573513031004,0.12115395814180369,1.5715756301059705,0.0
CSBM-H0.1,GCN,2,128,5,5,0,0.1,0.10260676592588425,3,0.9975000023841858,1.0,0.9807471036911012,0.966458022594452,0.4484440088272095,1.945443784038572,0.4222447872161865,0.6951950192451477,0.0702672898769378,1.6405621987209504,3,0.9975000023841858,1.0,0.999915361404419,0.9872493743896484,0.4480676054954529,1.986326186680501,1.000318169593811,1.5511940717697144,0.1835617274045944,3.227094672625212,0,0.0,0.0,0.01916825771331776,0.020791351795196422,-0.0003764033317565918,0.040882402641928994,0.5780733823776245,0.8559990525245667,0.1132944375276566,1.5865324739042617,0.0
CSBM-H0.1,GCN,3,128,1,1,0,0.1,0.09996520727872849,1,0.9975000023841858,1.0,0.1542419791221618,0.1809238493442535,0.5866599678993225,0.4017116095253915,0.4802629351615906,0.8604897856712341,0.0103083290159702,1.884670000106136,1,0.9975000023841858,1.0,1.0001927614212036,1.2724896669387815,0.5674099326133728,2.6287372298304126,1.000171780586243,1.787574291229248,0.0476578921079635,3.707283212206924,0,0.0,0.0,0.8459507822990417,1.091565817594528,-0.019250035285949707,2.227025620305021,0.5199088454246523,0.9270845055580139,0.0373495630919933,1.8226132121007879,0.0
CSBM-H0.1,GCN,3,128,2,2,0,0.1,0.10044276714324951,3,1.0,1.0,0.1596922278404235,0.2345204502344131,0.4845410585403442,0.5206353743583302,0.463333249092102,0.8376670479774475,0.0104684606194496,1.8400256777648885,3,1.0,1.0,1.0005757808685305,1.5232962369918823,0.4662744402885437,3.187505420821139,0.9994432330131532,1.7982193231582642,0.0163203254342079,3.733252666837338,0,0.0,0.0,0.840883553028107,1.2887757867574692,-0.01826661825180048,2.666870046462809,0.5361099839210512,0.9605522751808167,0.005851864814758299,1.8932269890724496,0.0
CSBM-H0.1,GCN,3,128,3,3,0,0.1,0.10047942399978638,2,1.0,0.9975000023841858,0.1626977324485778,0.2466261088848114,0.4702677130699157,0.541010453968667,0.4598641395568847,0.839618980884552,0.0105424746870994,1.8388938299025124,68,1.0,1.0,1.0004037618637085,1.793548822402954,0.0213616378605365,3.7055682130295793,0.999979853630066,1.783864140510559,0.0473033003509044,3.719197329822896,66,0.0,0.002499997615814209,0.8377060294151307,1.5469227135181427,-0.4489060752093792,3.164557759060912,0.5401157140731814,0.9442451596260071,0.036760825663805,1.8803034999203836,0.0
CSBM-H0.1,GCN,3,128,4,4,0,0.1,0.09760119765996933,3,1.0,1.0,0.1363730430603027,0.1873170882463455,0.5323299765586853,0.4088758061013008,0.4570291042327881,0.836872398853302,0.010520052164793,1.8358845507792056,1,1.0,1.0,1.0007576942443848,1.131013035774231,0.5973300337791443,2.297228768023775,1.0009490251541138,1.8022791147232056,0.0111309420317411,3.729831468325767,-2,0.0,0.0,0.864384651184082,0.9436959475278854,0.06500005722045898,1.888352961922474,0.5439199209213257,0.9654067158699036,0.0006108898669481,1.8939469175465613,0.0
CSBM-H0.1,GCN,3,128,5,5,0,0.1,0.10260676592588425,2,0.9975000023841858,1.0,0.1558166742324829,0.2236997783184051,0.5107624530792236,0.4911604172977706,0.4835830926895141,0.8671514391899109,0.0105680683627724,1.9013339801986104,36,1.0,1.0,1.0007227659225464,1.790690541267395,0.0207570753991603,3.698006445188657,1.0006041526794434,1.7734522819519043,0.0530843175947666,3.697381779005982,34,0.002499997615814209,0.0,0.8449060916900635,1.5669907629489899,-0.49000537768006336,3.2068460278908866,0.5170210599899292,0.9063008427619934,0.0425162492319942,1.7960477988073715,0.2499997615814209
CSBM-H0.1,GCN,4,128,1,1,0,0.1,0.09996520727872849,2,1.0,1.0,0.0785676836967468,0.1398816853761673,0.1203645318746566,0.3151098756104628,0.5329170227050781,0.9822693467140198,0.0101944273337721,2.135088239863946,1,1.0,1.0,1.000678777694702,1.6518161296844482,0.3873056173324585,3.482753354569132,1.0007039308547974,1.795341730117798,0.0099608590826392,3.784651413029963,-1,0.0,0.0,0.9221110939979551,1.511934444308281,0.26694108545780193,3.167643478958669,0.46778690814971924,0.8130723834037783,-0.00023356825113289917,1.6495631731660167,0.0
CSBM-H0.1,GCN,4,128,2,2,0,0.1,0.10044276714324951,3,1.0,1.0,0.0358473658561706,0.0637462958693504,0.1671064496040344,0.1625283302603614,0.4847347736358642,0.8786924481391907,0.0106205428019166,1.9134387663339656,1,1.0,1.0,0.999338924884796,1.650282859802246,0.3845181465148926,3.4904113887380133,0.9998221397399902,1.7950692176818848,0.0103023201227188,3.788288874709944,-2,0.0,0.0,0.9634915590286255,1.5865365639328957,0.21741169691085818,3.327883058477652,0.515087366104126,0.9163767695426941,-0.00031822267919779865,1.8748501083759785,0.0
CSBM-H0.1,GCN,4,128,3,3,0,0.1,0.10047942399978638,2,1.0,1.0,0.0889067649841308,0.1627594977617263,0.0967001467943191,0.3703780816435134,0.4695128798484802,0.8561530709266663,0.0106788054108619,1.8640676407215249,1,1.0,1.0,1.000152587890625,1.6778634786605835,0.3609212636947632,3.5593355679126617,1.0005437135696411,1.792731523513794,0.0101459119468927,3.774563057443903,-1,0.0,0.0,0.9112458229064941,1.5151039808988571,0.2642211169004441,3.1889574862691483,0.5310308337211609,0.9365784525871277,-0.0005328934639691994,1.9104954167223782,0.0
CSBM-H0.1,GCN,4,128,4,4,0,0.1,0.09760119765996933,4,1.0,1.0,0.1827214956283569,0.3311698138713836,0.0570125170052051,0.7408365163719048,0.4866626858711242,0.8879483938217163,0.0107132215052843,1.9288117331063896,1,1.0,1.0,1.0004104375839231,1.603106141090393,0.4260244369506836,3.3784377216153127,1.0004076957702637,1.8043392896652224,0.0089136399328708,3.816016688344499,-3,0.0,0.0,0.8176889419555662,1.2719363272190094,0.3690119199454785,2.637601205243408,0.5137450098991394,0.9163908958435061,-0.0017995815724135,1.8872049552381094,0.0
CSBM-H0.1,GCN,4,128,5,5,0,0.1,0.10260676592588425,5,1.0,1.0,0.2095601558685302,0.3792033493518829,0.0527374446392059,0.8395830714282149,0.5009843707084656,0.9137387871742249,0.0105134602636098,1.9940891392410465,1,1.0,1.0,0.9993509650230408,1.6493141651153564,0.3855033814907074,3.4888451946563754,1.000854253768921,1.793860912322998,0.0086381258442997,3.7940468155181337,-4,0.0,0.0,0.7897908091545106,1.2701108157634735,0.3327659368515015,2.6492621232281603,0.4998698830604553,0.8801221251487732,-0.0018753344193100999,1.7999576762770872,0.0
CSBM-H0.1,GCN,5,128,1,1,0,0.1,0.09996520727872849,1,1.0,1.0,0.0140358209609985,0.0254381634294986,0.0702865272760391,0.0807599556320356,0.513228714466095,0.9349098801612854,0.0106535879895091,2.023851808248678,1,1.0,1.0,1.000256061553955,1.7573577165603638,0.1959521174430847,3.7253436018441786,1.000315546989441,1.797678828239441,0.0096756732091307,3.789887864219836,0,0.0,0.0,0.9862202405929565,1.731919553130865,0.1256655901670456,3.644583646212143,0.48708683252334595,0.8627689480781555,-0.0009779147803784007,1.766036055971158,0.0
CSBM-H0.1,GCN,5,128,2,2,0,0.1,0.10044276714324951,7,0.9975000023841858,1.0,0.3897150158882141,0.7172027230262756,0.0146306687965989,1.567091146797872,0.4923614859580993,0.8979239463806152,0.0107617238536477,1.9492797717602992,1,1.0,1.0,0.9994985461235046,1.7569888830184937,0.187242329120636,3.7308280195018018,1.000725030899048,1.7971466779708862,0.0092341741546988,3.81481454328146,-6,0.002499997615814209,0.0,0.6097835302352905,1.039786159992218,0.17261166032403708,2.1637368727039297,0.5083635449409487,0.899222731590271,-0.0015275496989489,1.8655347715211608,0.2499997615814209
CSBM-H0.1,GCN,5,128,3,3,0,0.1,0.10047942399978638,5,1.0,1.0,0.1476040482521057,0.2727435827255249,0.0213418696075677,0.6429233554830968,0.5820856094360352,1.0545930862426758,0.0103350607678294,2.288766621134135,2,1.0,1.0,1.0004981756210327,1.7858030796051023,0.0743443444371223,3.791353456957786,1.0002423524856567,1.7935423851013184,0.0097305187955498,3.776114628135406,-3,0.0,0.0,0.852894127368927,1.5130594968795774,0.0530024748295546,3.148430101474689,0.4181567430496216,0.7389492988586426,-0.0006045419722796007,1.487348007001271,0.0
CSBM-H0.1,GCN,5,128,4,4,0,0.1,0.09760119765996933,5,1.0,1.0,0.0693118572235107,0.1273713707923889,0.0268929470330476,0.3588201460256193,0.490087628364563,0.903222918510437,0.0106316888704895,1.9572970254498232,1,1.0,1.0,1.0004982948303225,1.7738275527954102,0.1643227934837341,3.755505439559244,0.998572051525116,1.804149866104126,0.0089378263801336,3.825759296671206,-4,0.0,0.0,0.9311864376068117,1.6464561820030212,0.1374298464506865,3.3966852935336247,0.508484423160553,0.900926947593689,-0.0016938624903559008,1.8684622712213828,0.0
CSBM-H0.1,GCN,5,128,5,5,0,0.1,0.10260676592588425,6,1.0,1.0,0.0981253981590271,0.1791272908449173,0.0266391430050134,0.4216421003679153,0.5137395262718201,0.937511682510376,0.0105728339403867,2.036054192064804,2,1.0,1.0,1.0006316900253296,1.7801951169967651,0.079481154680252,3.7697629872080616,0.9965590834617616,1.794546604156494,0.0083062797784805,3.8102971538231096,-4,0.0,0.0,0.9025062918663025,1.6010678261518478,0.05284201167523861,3.3481208868401464,0.4828195571899415,0.8570349216461179,-0.002266554161906199,1.7742429617583055,0.0
CSBM-H0.1,GCN,6,128,1,1,0,0.1,0.09996520727872849,13,1.0,1.0,0.3405048251152038,0.6200348734855652,0.0117766028270125,1.3696064038901072,0.6213264465332031,1.132184386253357,0.0104114031419157,2.450465816714701,1,1.0,1.0,1.0002461671829224,1.7872194051742554,0.05902811139822,3.790835032613665,1.0006611347198486,1.7986602783203125,0.0088001107797026,3.807881935478795,-12,0.0,0.0,0.6597413420677185,1.1671845316886902,0.047251508571207496,2.421228628723558,0.3793346881866455,0.6664758920669556,-0.0016112923622131,1.3574161187640938,0.0
CSBM-H0.1,GCN,6,128,2,2,0,0.1,0.10044276714324951,10,1.0,1.0,0.2117558717727661,0.3882162868976593,0.0127134108915925,0.9759579357199692,0.7016626596450806,1.2725600004196167,0.0101488959044218,2.744626589281445,1,1.0,1.0,1.0003200769424438,1.7739427089691162,0.0885000899434089,3.770854770982868,0.999869167804718,1.7976510524749756,0.0088063040748238,3.787135144595029,-9,0.0,0.0,0.7885642051696777,1.385726422071457,0.0757866790518164,2.794896835262899,0.29820650815963745,0.5250910520553589,-0.0013425918295979986,1.0425085553135838,0.0
CSBM-H0.1,GCN,6,128,3,3,0,0.1,0.10047942399978638,13,1.0,1.0,0.3053292036056518,0.5610273480415344,0.0120087973773479,1.2622295505547318,0.6544455289840698,1.1891695261001587,0.0105365384370088,2.5762264787710403,1,1.0,1.0,0.9984776973724364,1.7822561264038086,0.066974326968193,3.7906196283086095,1.0009422302246094,1.7973756790161133,0.008545740507543,3.803628372149995,-12,0.0,0.0,0.6931484937667847,1.2212287783622742,0.0549655295908451,2.528390077753878,0.34649670124053955,0.6082061529159546,-0.0019907979294658,1.2274018933789548,0.0
CSBM-H0.1,GCN,6,128,4,4,0,0.1,0.09760119765996933,6,1.0,1.0,0.0509523749351501,0.0941073074936866,0.0197116043418645,0.2131718208683799,0.5544503927230835,1.01433527469635,0.0104678012430667,2.198376591572686,1,1.0,1.0,0.9984740614891052,1.7865431308746338,0.0875048637390136,3.796765742029248,0.9993577003479004,1.8044897317886357,0.0087880082428455,3.821496132869631,-5,0.0,0.0,0.9475216865539551,1.6924358233809471,0.0677932593971491,3.583593921160868,0.4449073076248169,0.7901544570922856,-0.0016797930002211987,1.623119541296945,0.0
CSBM-H0.1,GCN,6,128,5,5,0,0.1,0.10260676592588425,10,1.0,1.0,0.2461840510368347,0.4547947347164154,0.0130086354911327,0.9998787266123974,0.6320106983184814,1.1484366655349731,0.0104323476552963,2.4895291975216023,1,1.0,1.0,0.9998705983161926,1.7746158838272097,0.0860776826739311,3.771886893706524,0.9985640048980712,1.7935980558395386,0.0090206926688551,3.815653064185386,-9,0.0,0.0,0.7536865472793579,1.3198211491107943,0.0730690471827984,2.7720081670941266,0.36655330657958973,0.6451613903045654,-0.0014116549864411996,1.3261238666637838,0.0
CSBM-H0.1,GCN,7,128,1,1,0,0.1,0.09996520727872849,13,1.0,1.0,0.3085340857505798,0.5597051978111267,0.0105881346389651,1.4361470047764455,0.5594622492790222,1.0191638469696045,0.0106350183486938,2.208015920582709,1,0.9975000023841858,1.0,0.9993581175804138,1.7730525732040403,0.0627211481332779,3.765647353020841,1.000577449798584,1.7992905378341677,0.0094803152605891,3.8216507401206377,-12,-0.002499997615814209,0.0,0.690824031829834,1.2133473753929136,0.05213301349431279,2.3295003482443954,0.44111520051956177,0.7801266908645632,-0.0011547030881047006,1.6136348195379289,-0.2499997615814209
CSBM-H0.1,GCN,7,128,2,2,0,0.1,0.10044276714324951,9,1.0,1.0,0.0039120316505432,0.0063389036804437,0.0160994958132505,0.0244689235766973,0.5306439399719238,0.9658486843109132,0.0106719909235835,2.0947384671870912,1,1.0,1.0,0.9991660118103028,1.7843009233474731,0.0387897044420242,3.793060235057708,1.0009448528289795,1.7986299991607666,0.0086793536320328,3.8180142884102506,-8,0.0,0.0,0.9952539801597596,1.7779620196670294,0.022690208628773703,3.7685913114810106,0.47030091285705566,0.8327813148498534,-0.0019926372915507005,1.7232758212231594,0.0
CSBM-H0.1,GCN,7,128,3,3,0,0.1,0.10047942399978638,21,1.0,1.0,0.1180194616317749,0.2054134756326675,0.0089140459895133,1.204665446663707,0.4875791072845459,0.8923662304878235,0.0108423139899969,1.940976561895134,1,1.0,1.0,1.0003018379211426,1.7821543216705322,0.0372056402266025,3.793693699493315,1.0009649991989136,1.798853874206543,0.0083775417879223,3.832280018489561,-20,0.0,0.0,0.8822823762893677,1.5767408460378647,0.0282915942370892,2.589028252829608,0.5133858919143677,0.9064876437187195,-0.002464772202074599,1.891303456594427,0.0
CSBM-H0.1,GCN,7,128,4,4,0,0.1,0.09760119765996933,9,1.0,1.0,0.0512368083000183,0.0922968983650207,0.0111235687509179,0.4624797443114308,0.5289408564567566,0.9647806882858276,0.0103752650320529,2.086017220608374,1,1.0,1.0,1.0001763105392456,1.7912859916687012,0.0435750670731067,3.807493009904989,1.0009324550628662,1.804417371749878,0.0089515624567866,3.8332470927094553,-8,0.0,0.0,0.9489395022392273,1.6989890933036804,0.032451498322188806,3.345013265593558,0.4719915986061096,0.8396366834640503,-0.0014237025752663005,1.7472298721010815,0.0
CSBM-H0.1,GCN,7,128,5,5,0,0.1,0.10260676592588425,13,1.0,1.0,0.2662308812141418,0.4852930009365082,0.0107642319053411,1.2003651726755562,0.5595089197158813,1.0169836282730105,0.0103114992380142,2.1967788585751147,1,1.0,1.0,1.0003818273544312,1.7745566368103027,0.0484500378370285,3.770538485097357,0.9992817640304564,1.7944204807281494,0.0085089141502976,3.819902881515509,-12,0.0,0.0,0.7341509461402893,1.2892636358737946,0.037685805931687404,2.570173312421801,0.4397728443145751,0.7774368524551389,-0.0018025850877166003,1.6231240229403943,0.0
CSBM-H0.1,GCN,8,128,1,1,0,0.1,0.09996520727872849,88,0.5475000143051147,0.5224999785423279,1.1205673217773438e-05,1.202116982312873e-05,0.0083887642249464,2.636791690346749e-05,1.3113021850585938e-06,1.340424546469876e-06,0.0079622436314821,2.7387354419010464e-06,1,1.0,1.0,0.9994550347328186,1.7766369581222534,0.0324228145182132,3.76725726384458,1.0003440380096436,1.7973687648773191,0.010186068713665,3.819116115568903,-87,0.45249998569488525,0.4775000214576721,0.9994438290596008,1.7766249369524303,0.0240340502932668,3.7672308959276766,1.0003427267074585,1.7973674244527726,0.0022238250821829,3.819113376833461,45.249998569488525
CSBM-H0.1,GCN,8,128,2,2,0,0.1,0.10044276714324951,87,0.5249999761581421,0.5324999690055847,0.0001141428947448,0.0001155622594524,0.0080602634698152,0.0002663542188681,1.430511474609375e-06,1.39356723138917e-06,0.0079055912792682,2.864856205642949e-06,1,1.0,1.0,0.9983927607536316,1.7863852977752686,0.0264277122914791,3.803293971392291,1.0009331703186035,1.7984764575958252,0.0091744679957628,3.819735985546605,-86,0.4750000238418579,0.4675000309944153,0.9982786178588868,1.7862697355158161,0.018367448821663898,3.803027617173423,1.000931739807129,1.7984750640285938,0.0012688767164946001,3.8197331206903993,47.50000238418579
CSBM-H0.1,GCN,8,128,3,3,0,0.1,0.10047942399978638,17,1.0,1.0,0.224041998386383,0.416774570941925,0.0109471324831247,0.960700911199721,0.5869293212890625,1.0728548765182495,0.0103446431457996,2.3229501619276047,1,1.0,1.0,1.0003401041030884,1.7812886238098145,0.0358669497072696,3.7875324481174353,1.0006157159805298,1.7983752489089966,0.0089397309347987,3.8252974865455927,-16,0.0,0.0,0.7762981057167053,1.3645140528678894,0.0249198172241449,2.826831536917714,0.4136863946914673,0.7255203723907471,-0.0014049122110009003,1.502347324617988,0.0
CSBM-H0.1,GCN,8,128,4,4,0,0.1,0.09760119765996933,30,0.4975000023841858,0.5450000166893005,0.0002540349960327,0.000247037562076,0.0092375539243221,0.0008196004196965,9.41753387451172e-05,0.0001021881907945,0.0078252321109175,0.0002049299947689,1,1.0,1.0,1.000202178955078,1.784299612045288,0.0300301127135753,3.7938692744437215,1.0006563663482666,1.8044673204422,0.0086863646283745,3.838475829251905,-29,0.5024999976158142,0.45499998331069946,0.9999481439590452,1.784052574483212,0.0207925587892532,3.793049674024025,1.0005621910095215,1.8043651322514054,0.0008611325174569997,3.838270899257136,50.24999976158142
CSBM-H0.1,GCN,8,128,5,5,0,0.1,0.10260676592588425,10,1.0,1.0,0.0017080903053283,0.002285327296704,0.0171048827469348,0.0071635080135403,0.5597463846206665,1.0158342123031616,0.0105460127815604,2.2061630066237243,1,1.0,1.0,0.999870777130127,1.7749115228652954,0.0370979532599449,3.7736721980447534,1.0008876323699951,1.7941347360610962,0.0089253317564725,3.794656746670488,-9,0.0,0.0,0.9981626868247987,1.7726261955685914,0.0199930705130101,3.766508690031213,0.4411412477493286,0.7783005237579346,-0.0016206810250878993,1.5884937400467636,0.0
CSBM-H0.1,GraphSAGE,2,128,1,1,0,0.1,0.09996520727872849,106,0.9975000023841858,0.9975000023841858,0.9418985843658448,1.2014784812927246,0.4106299579143524,2.542884586833602,0.7244737148284912,1.0147860050201416,0.3311128914356231,2.201292880038204,31,0.9975000023841858,0.9975000023841858,1.0005629062652588,1.518274188041687,0.4138147532939911,3.0708366331968566,1.0001695156097412,1.4664576053619385,0.4866718351840973,2.9611748787175034,-75,0.0,0.0,0.05866432189941395,0.3167957067489624,0.003184795379638672,0.5279520463632545,0.27569580078125,0.4516716003417969,0.15555894374847418,0.7598819986792993,0.0
CSBM-H0.1,GraphSAGE,2,128,2,2,0,0.1,0.10044276714324951,39,1.0,1.0,0.981756031513214,1.2118408679962158,0.4994681477546692,2.535326977034103,0.6997973918914795,0.9897305369377136,0.315682977437973,2.1575469467229955,28,1.0,1.0,1.000596046447754,1.498590111732483,0.4188212752342224,3.0436478439292256,1.0005816221237185,1.4704091548919678,0.4852173626422882,2.974503835603554,-11,0.0,0.0,0.018840014934539906,0.2867492437362671,-0.08064687252044678,0.5083208668951227,0.300784230232239,0.48067861795425415,0.16953438520431519,0.8169568888805583,0.0
CSBM-H0.1,GraphSAGE,2,128,3,3,0,0.1,0.10047942399978638,155,1.0,0.9950000047683716,0.8606987595558167,1.1447840929031372,0.3694691956043243,2.4340922293839387,0.7640787363052368,1.0595571994781494,0.3375523090362549,2.271785176771849,31,1.0,0.9950000047683716,1.0005842447280884,1.512769341468811,0.4126721620559692,3.0594386635537933,1.0007323026657104,1.4590431451797483,0.4698866605758667,2.9396645129049865,-124,0.0,0.0,0.13988548517227173,0.36798524856567383,0.0432029664516449,0.6253464341698547,0.23665356636047363,0.3994859457015989,0.13233435153961182,0.6678793361331374,0.0
CSBM-H0.1,GraphSAGE,2,128,4,4,0,0.1,0.09760119765996933,92,0.9950000047683716,1.0,0.934251606464386,1.171664476394653,0.4237932562828064,2.4624151000608334,0.7320387959480286,0.9955796599388124,0.3439661264419555,2.125652401747743,30,0.9925000071525574,1.0,1.0005093812942505,1.5005759000778198,0.4289196729660034,3.0265582314674626,1.000598430633545,1.449692964553833,0.4774385690689087,2.916444285869003,-62,-0.002499997615814209,0.0,0.0662577748298645,0.3289114236831667,0.0051264166831970215,0.5641431314066292,0.26855963468551636,0.45411330461502064,0.13347244262695318,0.7907918841212598,-0.2499997615814209
CSBM-H0.1,GraphSAGE,2,128,5,5,0,0.1,0.10260676592588425,130,0.9975000023841858,0.9975000023841858,0.8842884302139282,1.1270310878753662,0.399876981973648,2.352171322828967,0.8041532039642334,1.055575966835022,0.3755955696105957,2.2112507980421365,30,0.9975000023841858,0.9975000023841858,1.0007989406585691,1.4814903736114502,0.425986647605896,2.992882786908648,1.000592827796936,1.4180090427398682,0.4898229539394378,2.858187065573951,-100,0.0,0.0,0.11651051044464089,0.354459285736084,0.02610966563224798,0.6407114640796809,0.19643962383270264,0.3624330759048462,0.11422738432884211,0.6469362675318147,0.0
CSBM-H0.1,GraphSAGE,3,128,1,1,0,0.1,0.09996520727872849,19,0.9975000023841858,1.0,0.3263640999794006,0.5749949812889099,0.1338534504175186,1.3377478834054175,0.402138888835907,0.7125739455223083,0.0339144878089427,1.5715678934874502,17,1.0,1.0,1.0007426738739014,1.7926149368286133,0.0586452409625053,3.570572869200209,1.0005114078521729,1.7740881443023682,0.1652611494064331,3.553855208314891,-2,0.002499997615814209,0.0,0.6743785738945007,1.2176199555397034,-0.07520820945501329,2.2328249857947915,0.5983725190162659,1.0615141987800598,0.13134666159749042,1.982287314827441,0.2499997615814209
CSBM-H0.1,GraphSAGE,3,128,2,2,0,0.1,0.10044276714324951,19,1.0,1.0,0.2319798469543457,0.4078057408332824,0.1532581448554992,0.97615493491925,0.3498401045799255,0.6149459481239319,0.0347893610596656,1.3537231410566255,6,1.0,1.0,1.000717282295227,1.6006109714508057,0.4039613902568817,3.2621806182289084,0.9994882941246032,1.7755829095840454,0.1608777195215225,3.5678476135065726,-13,0.0,0.0,0.7687374353408813,1.1928052306175232,0.2507032454013825,2.286025683309658,0.6496481895446777,1.1606369614601135,0.1260883584618569,2.214124472449947,0.0
CSBM-H0.1,GraphSAGE,3,128,3,3,0,0.1,0.10047942399978638,167,1.0,1.0,0.4133066534996032,0.7327303886413574,0.0430751703679561,1.6525394791989063,0.4221285581588745,0.7522608041763306,0.0318313464522361,1.6687511534413153,12,1.0,1.0,1.0003339052200315,1.769061803817749,0.1085863709449768,3.469785219046865,1.0001972913742063,1.7745146751403809,0.1650809794664383,3.5639190459791745,-155,0.0,0.0,0.5870272517204282,1.0363314151763916,0.0655112005770207,1.8172457398479587,0.5780687332153318,1.0222538709640503,0.1332496330142022,1.8951678925378592,0.0
CSBM-H0.1,GraphSAGE,3,128,4,4,0,0.1,0.09760119765996933,23,0.9975000023841858,1.0,0.3910285830497741,0.6726494431495667,0.1528242975473404,1.533214018600037,0.5327900648117065,0.9464855790138244,0.0268689580261707,2.057410243473369,7,0.9975000023841858,1.0,1.0007432699203491,1.7611770629882812,0.1170467436313629,3.482292971762835,1.0009311437606812,1.7808892726898191,0.1648647785186767,3.566108659955294,-16,0.0,0.0,0.609714686870575,1.0885276198387146,-0.03577755391597749,1.949078953162798,0.4681410789489746,0.8344036936759948,0.137995820492506,1.5086984164819248,0.0
CSBM-H0.1,GraphSAGE,3,128,5,5,0,0.1,0.10260676592588425,14,0.9950000047683716,0.9975000023841858,0.3645477890968323,0.6269199252128601,0.1511971950531005,1.440455072283085,0.4662023782730102,0.8169947266578674,0.0397599004209041,1.782589195130895,22,1.0,1.0,0.9999788999557496,1.7854849100112915,0.0615003444254398,3.5458001173616926,1.0009602308273315,1.7692793607711792,0.1655984073877334,3.5435399468208293,8,0.004999995231628418,0.002499997615814209,0.6354311108589173,1.1585649847984314,-0.0896968506276607,2.1053450450786078,0.5347578525543213,0.9522846341133118,0.1258385069668293,1.7609507516899343,0.4999995231628418
CSBM-H0.1,GraphSAGE,4,128,1,1,0,0.1,0.09996520727872849,12,0.9975000023841858,1.0,0.3406823277473449,0.6051447987556458,0.027347071096301,1.305895684047488,0.5743993520736694,1.0368998050689695,0.0128541514277458,2.1587980699505374,3,0.9975000023841858,1.0,0.9999867081642152,1.6060885190963743,0.4861151874065399,3.246276639434404,1.0008702278137207,1.7946512699127195,0.036550398916006,3.61277938170262,-9,0.0,0.0,0.6593043804168703,1.0009437203407285,0.4587681163102389,1.940380955386916,0.42647087574005127,0.75775146484375,0.0236962474882602,1.4539813117520826,0.0
CSBM-H0.1,GraphSAGE,4,128,2,2,0,0.1,0.10044276714324951,7,1.0,1.0,0.5330881476402283,0.948893427848816,0.0288986209779977,2.036042880353085,0.5643446445465088,1.00987708568573,0.0127473659813404,2.117668991704876,2,1.0,1.0,1.0002176761627195,1.5171164274215698,0.5551027655601501,3.093813558806794,0.9999037981033324,1.791147232055664,0.0399481505155563,3.6179253172580585,-5,0.0,0.0,0.46712952852249123,0.5682229995727538,0.5262041445821525,1.0577706784537093,0.4355591535568236,0.7812701463699341,0.0272007845342159,1.5002563255531824,0.0
CSBM-H0.1,GraphSAGE,4,128,3,3,0,0.1,0.10047942399978638,4,1.0,1.0,0.471675157546997,0.8146677613258362,0.1613393425941467,1.779312971609761,0.6269006729125977,1.1282049417495728,0.0127122895792126,2.370097623412646,2,1.0,1.0,1.0004160404205322,1.546659231185913,0.5446960926055908,3.138696790002625,1.0006957054138184,1.7919492721557615,0.0381834730505943,3.614997783209448,-2,0.0,0.0,0.5287408828735352,0.7319914698600769,0.3833567500114441,1.359383818392864,0.3737950325012207,0.6637443304061887,0.025471183471381702,1.2449001597968024,0.0
CSBM-H0.1,GraphSAGE,4,128,4,4,0,0.1,0.09760119765996933,8,1.0,1.0,0.469541847705841,0.8300586342811584,0.0383168123662471,1.802382536188828,0.558683454990387,1.0041754245758057,0.0133905420079827,2.1178018145157678,2,1.0,1.0,1.0000208616256714,1.4900856018066406,0.5779759883880615,3.0610254435605486,1.0004249811172483,1.7975926399230957,0.0422528460621833,3.625954455558504,-6,0.0,0.0,0.5304790139198303,0.6600269675254822,0.5396591760218145,1.2586429073717207,0.44174152612686135,0.79341721534729,0.028862304054200597,1.5081526410427362,0.0
CSBM-H0.1,GraphSAGE,4,128,5,5,0,0.1,0.10260676592588425,53,1.0,1.0,0.6315882802009583,1.122457504272461,0.0173644553869962,2.3638913612503134,0.6173089742660522,1.1009069681167605,0.0109909372404217,2.3103124923445155,23,1.0,1.0,0.9996259212493896,1.7923091650009155,0.0143640665337443,3.601176071727787,1.000810623168945,1.787442326545715,0.0409702360630035,3.5990013157711207,-30,0.0,0.0,0.3680376410484314,0.6698516607284546,-0.0030003888532518994,1.2372847104774736,0.38350164890289284,0.6865353584289546,0.0299792988225818,1.2886888234266052,0.0
CSBM-H0.1,GraphSAGE,5,128,1,1,0,0.1,0.09996520727872849,6,1.0,1.0,0.1298783421516418,0.2237152308225631,0.1118071004748344,0.4701319215304683,0.5862669944763184,1.0542036294937134,0.011534908786416,2.1809049316551654,2,1.0,1.0,1.000085473060608,1.7323933839797974,0.3242476880550384,3.4711593172331456,1.0004501342773438,1.7958920001983645,0.0152893299236893,3.623145725162024,-4,0.0,0.0,0.8702071309089661,1.5086781531572342,0.212440587580204,3.0010273957026774,0.4141831398010254,0.7416883707046511,0.0037544211372732995,1.4422407935068584,0.0
CSBM-H0.1,GraphSAGE,5,128,2,2,0,0.1,0.10044276714324951,2,0.9950000047683716,1.0,0.0378836989402771,0.051541581749916,0.4077413976192474,0.1062998460872883,0.5943129658699036,1.070016622543335,0.0111136334016919,2.215608234370896,2,1.0,1.0,0.9970430135726928,1.6518285274505615,0.4593610465526581,3.327545539358962,1.0008151531219482,1.7967509031295776,0.0164689645171165,3.629579961165743,0,0.004999995231628418,0.0,0.9591593146324157,1.6002869457006454,0.0516196489334107,3.221245693271674,0.4065021872520447,0.7267342805862427,0.005355331115424602,1.413971726794847,0.4999995231628418
CSBM-H0.1,GraphSAGE,5,128,3,3,0,0.1,0.10047942399978638,6,1.0,1.0,0.3424904346466064,0.6161286234855652,0.1057831645011901,1.3226926241710253,0.6470167636871338,1.1602426767349243,0.0116450460627675,2.3976192383234824,2,1.0,1.0,0.999872863292694,1.7011698484420776,0.3861131370067596,3.399168313663744,1.0005943775177002,1.7950283288955688,0.0166040528565645,3.62447348530909,-4,0.0,0.0,0.6573824286460876,1.0850412249565125,0.28032997250556946,2.0764756894927183,0.3535776138305664,0.6347856521606445,0.0049590067937970005,1.2268542469856074,0.0
CSBM-H0.1,GraphSAGE,5,128,4,4,0,0.1,0.09760119765996933,3,1.0,1.0,0.0929521918296814,0.163118228316307,0.2350498884916305,0.3376693180901448,0.5633257627487183,1.026170253753662,0.0122237736359238,2.1268579948135584,2,1.0,1.0,0.9988648295402528,1.7162047624588013,0.3698700368404388,3.4533836911524847,0.9985992312431335,1.8006906509399414,0.0174137484282255,3.639912148048873,-1,0.0,0.0,0.9059126377105714,1.5530865341424942,0.1348201483488083,3.11571437306234,0.4352734684944153,0.7745203971862793,0.0051899747923017,1.5130541532353146,0.0
CSBM-H0.1,GraphSAGE,5,128,5,5,0,0.1,0.10260676592588425,9,0.9975000023841858,1.0,0.139018177986145,0.2459315210580825,0.0316480286419391,0.5186675479066604,0.568985104560852,1.0294533967971802,0.0115216989070177,2.11324120544386,11,1.0,1.0,1.0009585618972778,1.7939242124557495,0.0123080229386687,3.608687219403383,0.9967195987701416,1.7906256914138794,0.016476871445775,3.612830920118168,2,0.002499997615814209,0.0,0.8619403839111328,1.547992691397667,-0.0193400057032704,3.090019671496723,0.42773449420928955,0.7611722946166992,0.004955172538757302,1.499589714674308,0.2499997615814209
CSBM-H0.1,GraphSAGE,6,128,1,1,0,0.1,0.09996520727872849,7,0.9975000023841858,1.0,0.5638872385025024,1.021845459938049,0.0125986384227871,2.0949148685125567,0.6898531913757324,1.2473292350769043,0.010651527903974,2.5428603615081524,2,1.0,1.0,1.0005944967269895,1.779853105545044,0.153968945145607,3.573802414759714,1.0006293058395386,1.797856330871582,0.0125840259715914,3.6254007625090328,-5,0.002499997615814209,0.0,0.4367072582244871,0.7580076456069949,0.1413703067228199,1.4788875462471571,0.31077611446380615,0.5505270957946777,0.001932498067617399,1.0825404010008803,0.2499997615814209
CSBM-H0.1,GraphSAGE,6,128,2,2,0,0.1,0.10044276714324951,3,1.0,1.0,0.0306451320648193,0.0541411377489566,0.1447218805551529,0.1160334328228229,0.6354685425758362,1.1454943418502808,0.0111048156395554,2.351651630560736,2,1.0,1.0,1.000346064567566,1.7659128904342651,0.2062264531850814,3.545686122586607,1.0000156164169312,1.7982594966888428,0.011229533702135,3.62323754491805,-1,0.0,0.0,0.9697009325027466,1.7117717526853085,0.061504572629928506,3.4296526897637842,0.36454707384109497,0.652765154838562,0.00012471806257959885,1.2715859143573138,0.0
CSBM-H0.1,GraphSAGE,6,128,3,3,0,0.1,0.10047942399978638,11,1.0,1.0,0.012608528137207,0.0219162236899137,0.0339247621595859,0.0448422312186999,0.6925876140594482,1.2509642839431765,0.0111105367541313,2.548671565635292,2,1.0,1.0,0.9969391226768494,1.7461389303207395,0.2557972371578216,3.5019859891768688,1.0009431838989258,1.796292781829834,0.0117179621011018,3.6241758676695977,-9,0.0,0.0,0.9843305945396423,1.7242227066308258,0.2218724749982357,3.457143757958169,0.30835556983947754,0.5453284978866575,0.0006074253469705009,1.0755043020343056,0.0
CSBM-H0.1,GraphSAGE,6,128,4,4,0,0.1,0.09760119765996933,11,1.0,1.0,0.0189082026481628,0.0339334718883037,0.0352453328669071,0.0686640994453629,0.6969987154006958,1.262102484703064,0.0105904685333371,2.5738015549190045,2,1.0,1.0,0.9984240531921388,1.7094941139221191,0.3964844644069671,3.44617889518715,0.9994536638259888,1.8033714294433596,0.0115777244791388,3.6331879384735113,-9,0.0,0.0,0.9795158505439759,1.6755606420338154,0.36123913154006,3.377514795741787,0.30245494842529297,0.5412689447402956,0.0009872559458017002,1.0593863835545068,0.0
CSBM-H0.1,GraphSAGE,6,128,5,5,0,0.1,0.10260676592588425,5,0.9975000023841858,1.0,0.0199632048606872,0.0348027348518371,0.0593026466667652,0.0704009623435063,0.6639876365661621,1.1995724439620972,0.0110145984217524,2.449405754366541,2,1.0,1.0,0.9998605251312256,1.6853492259979248,0.4193500280380249,3.380723605542692,0.9986090064048768,1.7894161939620972,0.0132980337366461,3.6137703920548536,-3,0.002499997615814209,0.0,0.9798973202705383,1.6505464911460876,0.3600473813712597,3.3103226431991857,0.3346213698387147,0.58984375,0.0022834353148937,1.1643646376883128,0.2499997615814209
CSBM-H0.1,GraphSAGE,7,128,1,1,0,0.1,0.09996520727872849,10,0.9975000023841858,1.0,0.5192700624465942,0.9352691173553468,0.013536405749619,1.9211443163030129,0.7363541126251221,1.329410433769226,0.0102848382666707,2.707873729482721,2,1.0,1.0,1.0003827810287476,1.7547835111618042,0.2647399306297302,3.533596559000526,1.0006002187728882,1.7989109754562378,0.0107308533042669,3.618168855150447,-8,0.002499997615814209,0.0,0.4811127185821533,0.8195143938064574,0.2512035248801112,1.6124522426975132,0.2642461061477661,0.4695005416870117,0.0004460150375961997,0.9102951256677261,0.2499997615814209
CSBM-H0.1,GraphSAGE,7,128,2,2,0,0.1,0.10044276714324951,14,1.0,1.0,0.1975905299186706,0.3565347194671631,0.0144996205344796,0.7331902830803355,0.7476311922073364,1.345815658569336,0.0115261450409889,2.74791858815691,2,1.0,1.0,1.0001307725906372,1.7689546346664429,0.2101573348045349,3.5644260240065324,1.000959873199463,1.7984859943389893,0.0104046212509274,3.608172188401356,-12,0.0,0.0,0.8025402426719666,1.4124199151992798,0.19565771427005532,2.831235740926197,0.25332868099212646,0.4526703357696533,-0.0011215237900614999,0.8602536002444459,0.0
CSBM-H0.1,GraphSAGE,7,128,3,3,0,0.1,0.10047942399978638,10,1.0,1.0,0.3125693202018738,0.5667316913604736,0.0161550138145685,1.173387462665332,0.7172508239746094,1.2949652671813965,0.0113834394142031,2.6444767425252302,1,0.9975000023841858,1.0,0.9992377161979676,1.2291712760925293,0.7125254273414612,2.439823325038605,1.0009291172027588,1.7944138050079346,0.0119391651824116,3.6178088266851054,-9,-0.002499997615814209,0.0,0.6866683959960939,0.6624395847320557,0.6963704135268927,1.266435862373273,0.2836782932281494,0.4994485378265381,0.0005557257682085003,0.9733320841598752,-0.2499997615814209
CSBM-H0.1,GraphSAGE,7,128,4,4,0,0.1,0.09760119765996933,9,1.0,1.0,0.0048733353614807,0.0088187325745821,0.0214033331722021,0.0176999643445496,0.7108903527259827,1.286470651626587,0.0108599513769149,2.62111758907353,2,1.0,1.0,0.9979740977287292,1.7655560970306396,0.2241436541080474,3.568871005677892,1.0009397268295288,1.8027904033660889,0.011163986288011,3.6326160073922567,-7,0.0,0.0,0.9931007623672485,1.7567373644560575,0.2027403209358453,3.5511710413333426,0.29004937410354614,0.516319751739502,0.0003040349110960995,1.0114984183187268,0.0
CSBM-H0.1,GraphSAGE,7,128,5,5,0,0.1,0.10260676592588425,11,0.9975000023841858,1.0,0.0001922249794006,0.0003320524119772,0.0308710448443889,0.0006710849596066,0.7111533880233765,1.280165433883667,0.0109766656532883,2.6138718079466448,2,1.0,1.0,0.999965250492096,1.7633111476898191,0.1900947242975235,3.541497365236717,0.9994211196899414,1.7912224531173706,0.0119330277666449,3.612421575356653,-9,0.002499997615814209,0.0,0.9997730255126953,1.762979095277842,0.1592236794531346,3.5408262802771104,0.28826773166656494,0.5110570192337036,0.0009563621133565989,0.9985497674100081,0.2499997615814209
CSBM-H0.1,GraphSAGE,8,128,1,1,0,0.1,0.09996520727872849,22,1.0,1.0,7.748603820800781e-06,1.3118446986482011e-05,0.018720244988799,2.71193061897378e-05,0.7165172100067139,1.293411135673523,0.0103139588609337,2.628138963763043,2,1.0,1.0,1.000469207763672,1.7480714321136477,0.2954203486442566,3.524896163908969,1.0005104541778564,1.7981091737747192,0.0107796313241124,3.615583676761666,-20,0.0,0.0,1.0004614591598513,1.7480583136666612,0.2767001036554576,3.5248690446027795,0.2839932441711426,0.5046980381011963,0.00046567246317870056,0.9874447129986228,0.0
CSBM-H0.1,GraphSAGE,8,128,2,2,0,0.1,0.10044276714324951,9,1.0,1.0,0.0169996619224548,0.0306520368903875,0.0147969871759414,0.0617303838793771,0.6821354627609253,1.2274028062820437,0.0112488130107522,2.510366831566149,2,1.0,1.0,0.9993067979812622,1.73263680934906,0.3238490223884582,3.4783489719833507,1.0009602308273315,1.7981998920440674,0.0108119873329997,3.615774328995777,-7,0.0,0.0,0.9823071360588074,1.7019847724586725,0.3090520352125168,3.4166185881039737,0.31882476806640625,0.5707970857620237,-0.0004368256777525,1.1054074974296277,0.0
CSBM-H0.1,GraphSAGE,8,128,3,3,0,0.1,0.10047942399978638,1,0.5,0.5,3.7729740142822266e-05,4.196130612399429e-05,0.2450728118419647,0.0001373778092775,0.0,1.6538324487669342e-08,0.015409268438816,5.0457046777563056e-11,2,1.0,1.0,0.9999856352806092,1.7206875085830688,0.3324167728424072,3.4636028206057143,1.0006914138793943,1.796629548072815,0.0114114126190543,3.622198955625872,1,0.5,0.5,0.9999479055404664,1.7206455472769449,0.08734396100044253,3.4634654427964366,1.0006914138793943,1.7966295315344905,-0.003997855819761699,3.622198955575415,50.0
CSBM-H0.1,GraphSAGE,8,128,4,4,0,0.1,0.09760119765996933,6,1.0,1.0,0.0017482042312622,0.0031539855990558,0.028559885919094,0.0063158171991902,0.7316192984580994,1.3227540254592896,0.0105294771492481,2.6852069294930434,2,1.0,1.0,0.999913454055786,1.779041409492493,0.1682627648115158,3.601343076671267,1.000676512718201,1.803749918937683,0.0106428433209657,3.62377511465008,-4,0.0,0.0,0.9981652498245238,1.775887423893437,0.1397028788924218,3.5950272594720767,0.26905721426010154,0.48099589347839355,0.00011336617171759863,0.9385681851570364,0.0
CSBM-H0.1,GraphSAGE,8,128,5,5,0,0.1,0.10260676592588425,1,0.5,0.5,5.453824996948242e-05,5.418257933342829e-05,0.3281097114086151,0.0001341491187301,0.0,0.0,0.0118904616683721,8.938881120308103e-17,2,1.0,1.0,0.9996882677078248,1.7164123058319092,0.3604980707168579,3.4545839166018206,1.0008853673934937,1.7926857471466064,0.0105275474488735,3.6206362518470567,1,0.5,0.5,0.9996337294578553,1.7163581232525758,0.0323883593082428,3.4544497674830907,1.0008853673934937,1.7926857471466064,-0.0013629142194985996,3.6206362518470567,50.0
CSBM-H0.5,GCN,2,128,1,1,0,0.5,0.49922752380371094,10,0.5974999666213989,0.6349999904632568,0.978215217590332,0.8814444541931152,0.4298436939716339,1.7500123924872293,0.9553213119506836,0.8610023856163025,0.3834291100502014,1.7112107697160364,13,0.612500011920929,0.6274999976158142,1.000677466392517,0.9033699035644532,0.3484218418598175,1.771443363668068,1.0004717111587524,0.9103766083717346,0.3636016547679901,1.81055313049446,3,0.01500004529953003,-0.007499992847442627,0.02246224880218506,0.021925449371338,-0.0814218521118164,0.021430971180838698,0.04515039920806885,0.04937422275543213,-0.019827455282211304,0.09934236077842362,1.500004529953003
CSBM-H0.5,GCN,2,128,2,2,0,0.5,0.5004213452339172,8,0.6200000047683716,0.5949999690055847,0.9662066102027892,0.8759590983390808,0.4318751692771911,1.7413076638881049,0.952730655670166,0.8643534183502197,0.383292555809021,1.720587517942578,6,0.625,0.5924999713897705,1.000523567199707,0.9064730405807496,0.4503258466720581,1.803255772895437,1.0003060102462769,0.9114534258842468,0.3637973070144653,1.811223459177486,-2,0.004999995231628418,-0.002499997615814209,0.034316956996917836,0.030513942241668812,0.018450677394867,0.061948109007332164,0.04757535457611084,0.0471000075340271,-0.01949524879455572,0.09063594123490804,0.4999995231628418
CSBM-H0.5,GCN,2,128,3,3,0,0.5,0.4970986545085907,8,0.5874999761581421,0.6299999952316284,0.9732528328895568,0.8812544941902161,0.4278164505958557,1.7586427668875693,0.9570525288581848,0.8650331497192383,0.3757300078868866,1.7251522598197255,3,0.5799999833106995,0.625,1.0003299713134766,0.9061790108680724,0.454293429851532,1.8034942254252,1.0005861520767212,0.9107266068458556,0.3564465939998626,1.8175574834576904,-5,-0.007499992847442627,-0.004999995231628418,0.02707713842391979,0.024924516677856334,0.02647697925567627,0.04485145853763073,0.04353362321853638,0.04569345712661732,-0.01928341388702398,0.09240522363796488,-0.7499992847442627
CSBM-H0.5,GCN,2,128,4,4,0,0.5,0.4937012493610382,75,0.5899999737739563,0.637499988079071,0.9755843877792358,0.8856438398361206,0.3624246120452881,1.764679153295445,0.9623420238494872,0.8715978264808655,0.3784405291080475,1.7360204186099717,121,0.5974999666213989,0.6399999856948853,1.0004242658615112,0.9092395305633544,0.3566471040248871,1.8070790729655972,1.0003728866577148,0.9102458953857422,0.355221688747406,1.8100444730495275,46,0.007499992847442627,0.002499997615814209,0.02483987808227539,0.023595690727233776,-0.005777508020401001,0.04239991967015233,0.03803086280822765,0.03864806890487671,-0.02321884036064148,0.07402405443955584,0.7499992847442627
CSBM-H0.5,GCN,2,128,5,5,0,0.5,0.5015702247619629,9,0.6024999618530273,0.637499988079071,0.9645099639892578,0.8673427104949951,0.426378458738327,1.7292538461178804,0.963252604007721,0.8707646727561951,0.3817668557167053,1.7400891593710588,34,0.6150000095367432,0.6424999833106995,1.0005934238433838,0.9151813387870787,0.3298018872737884,1.8093029873350783,1.0007256269454956,0.9085268378257751,0.35697141289711,1.8125265651828748,25,0.01250004768371582,0.004999995231628418,0.03608345985412598,0.04783862829208363,-0.09657657146453863,0.08004914121719797,0.03747302293777466,0.03776216506958008,-0.024795442819595337,0.07243740581181601,1.250004768371582
CSBM-H0.5,GCN,3,128,1,1,0,0.5,0.49922752380371094,34,0.5575000047683716,0.5349999666213989,0.0040124654769897,0.003178262617439,0.1530696451663971,0.0154391698727046,0.1992935538291931,0.1578178256750106,0.0200675427913665,0.3990226647620828,28,0.5099999904632568,0.5475000143051147,0.9993638396263124,0.8837348818778992,0.2750568687915802,1.701429012558083,0.999747395515442,0.8791384696960449,0.2902710437774658,1.7243696651203122,-6,-0.047500014305114746,0.01250004768371582,0.9953513741493226,0.8805566192604601,0.1219872236251831,1.6859898426853785,0.8004538416862489,0.7213206440210344,0.2702035009860993,1.3253470003582293,-4.750001430511475
CSBM-H0.5,GCN,3,128,2,2,0,0.5,0.5004213452339172,47,0.5374999642372131,0.5424999594688416,0.0561215877532959,0.043978527188301,0.0456516593694686,0.1124628276383017,0.24513840675354,0.201622873544693,0.0217409841716289,0.5111484430517684,3,0.5224999785423279,0.5224999785423279,1.0003867149353027,0.8438843488693237,0.6362263560295105,1.6683958604535427,0.9991617202758788,0.8760993480682373,0.2757223844528198,1.697436012723721,-44,-0.014999985694885254,-0.019999980926513672,0.9442651271820068,0.7999058216810228,0.5905746966600419,1.555933032815241,0.7540233135223388,0.6744764745235443,0.2539814002811909,1.1862875696719524,-1.4999985694885254
CSBM-H0.5,GCN,3,128,3,3,0,0.5,0.4970986545085907,106,0.5174999833106995,0.5349999666213989,0.2463545799255371,0.2065440565347671,0.0201814472675323,0.5329254435936102,0.3264462351799011,0.2660079598426819,0.0189028624445199,0.687850754022595,20,0.5249999761581421,0.5550000071525574,0.9993094205856324,0.8782148361206055,0.2546165883541107,1.7088860661780618,0.9993392825126648,0.8973610997200012,0.2691965401172638,1.768960634293382,-86,0.007499992847442627,0.020000040531158447,0.7529548406600953,0.6716707795858383,0.23443514108657842,1.1759606225844517,0.6728930473327637,0.6313531398773193,0.2502936776727439,1.081109880270787,0.7499992847442627
CSBM-H0.5,GCN,3,128,4,4,0,0.5,0.4937012493610382,136,0.5475000143051147,0.5600000023841858,0.2036859393119812,0.1726242452859878,0.0135209681466221,0.4381739901525696,0.2842206358909607,0.2371439784765243,0.0138086369261145,0.6066597846878143,60,0.4975000023841858,0.550000011920929,1.0001181364059448,0.8664110898971558,0.3213216066360473,1.7039617459696352,0.9988893866539,0.885784387588501,0.3051715195178985,1.754438573774193,-76,-0.050000011920928955,-0.009999990463256836,0.7964321970939636,0.6937868446111679,0.3078006384894252,1.2657877558170656,0.7146687507629393,0.6486404091119766,0.291362882591784,1.1477787890863786,-5.0000011920928955
CSBM-H0.5,GCN,3,128,5,5,0,0.5,0.5015702247619629,3,0.5274999737739563,0.5349999666213989,0.0822643041610717,0.0650033056735992,0.6364375352859497,0.1505379583328909,0.2302625775337219,0.1901550889015197,0.0202616434544324,0.4911804546474336,94,0.5049999952316284,0.5550000071525574,1.0003626346588137,0.8835821151733398,0.297684907913208,1.7210279341175143,0.9986335635185242,0.884036123752594,0.297838807106018,1.7232553801707458,91,-0.02249997854232788,0.020000040531158447,0.918098330497742,0.8185788094997406,-0.3387526273727417,1.5704899757846233,0.7683709859848022,0.6938810348510743,0.27757716365158563,1.232074925523312,-2.249997854232788
CSBM-H0.5,GCN,4,128,1,1,0,0.5,0.49922752380371094,16,0.4899999797344208,0.5424999594688416,0.0007580518722534,0.0007872351561672,0.0165049936622381,0.0048146480519708,0.0,1.917210923352286e-08,0.0079825697466731,1.9329077130024876e-08,42,0.5674999952316284,0.574999988079071,0.9996561408042908,0.8605719804763794,0.0973824337124824,1.6426846797986123,0.9987178444862366,0.8701678514480591,0.0958395674824714,1.7039843147821494,26,0.07750001549720764,0.03250002861022949,0.9988980889320374,0.8597847453202122,0.0808774400502443,1.6378700317466415,0.9987178444862366,0.8701678322759498,0.0878569977357983,1.7039842954530722,7.750001549720764
CSBM-H0.5,GCN,4,128,2,2,0,0.5,0.5004213452339172,17,0.512499988079071,0.5099999904632568,0.0007139444351196,0.0007064726669341,0.0185312293469905,0.0048999495020236,2.7418136596679688e-06,2.7930802843911806e-06,0.0078240064904093,8.472391935020962e-06,2,0.5475000143051147,0.5625,1.0004297494888306,0.793897271156311,0.6099070906639099,1.5555331102262298,0.9996369481086732,0.861228883266449,0.0854859054088592,1.666555530790251,-15,0.0350000262260437,0.052500009536743164,0.9997158050537109,0.7931907984893769,0.5913758613169194,1.550633160724206,0.9996342062950135,0.8612260901861646,0.07766189891844989,1.6665470583983162,3.50000262260437
CSBM-H0.5,GCN,4,128,3,3,0,0.5,0.4970986545085907,9,0.48749998211860657,0.5224999785423279,0.0011153221130371,0.0010960241779685,0.0519361346960067,0.0087032474012668,0.0,7.795340373206727e-09,0.0081756748259067,4.185673374446439e-09,3,0.550000011920929,0.5949999690055847,1.000544548034668,0.7948209047317505,0.6082348227500916,1.5684678069685112,0.9985089898109436,0.878061056137085,0.0786639302968978,1.7240328138334289,-6,0.06250002980232239,0.07249999046325684,0.9994292259216309,0.793724880553782,0.5562986880540849,1.5597645595672445,0.9985089898109436,0.8780610483417446,0.0704882554709911,1.7240328096477555,6.250002980232239
CSBM-H0.5,GCN,4,128,4,4,0,0.5,0.4937012493610382,28,0.5,0.5074999928474426,0.0003325939178466,0.0003450329822953,0.0145709486678242,0.0012193822951822,2.384185791015625e-07,2.795732996219158e-07,0.0078513342887163,7.025321202430252e-07,142,0.5224999785423279,0.5949999690055847,0.9986101984977722,0.8842739462852478,0.095274768769741,1.7208210853496928,0.998279869556427,0.8857641220092773,0.1000037640333175,1.7420747445611588,114,0.02249997854232788,0.08749997615814209,0.9982776045799256,0.8839289133029525,0.0807038201019168,1.7196017030545105,0.9982796311378479,0.8857638424359777,0.0921524297446012,1.7420740420290386,2.249997854232788
CSBM-H0.5,GCN,4,128,5,5,0,0.5,0.5015702247619629,48,0.5249999761581421,0.5174999833106995,0.0001854300498962,0.000190468141227,0.0089278174564242,0.000613095048646,2.5033950805664062e-06,2.458129301885492e-06,0.0078270267695188,5.690433831824367e-06,67,0.5475000143051147,0.5874999761581421,0.999634325504303,0.8609356880187988,0.0756438300013542,1.6097927277921016,0.9978840351104736,0.8795565962791443,0.0791186168789863,1.6845595510711209,19,0.022500038146972656,0.06999999284744263,0.9994488954544067,0.8607452198775718,0.06671601254493001,1.6091796327434555,0.9978815317153931,0.8795541381498424,0.0712915901094675,1.684553860637289,2.2500038146972656
CSBM-H0.5,GCN,5,128,1,1,0,0.5,0.49922752380371094,142,0.4699999988079071,0.5224999785423279,1.1920928955078125e-07,6.794008555743859e-08,0.0078754238784313,1.463162259488896e-07,1.1920928955078125e-07,2.678569899217109e-08,0.0078746173530817,1.1067275338948243e-07,4,0.5774999856948853,0.5374999642372131,0.9991981387138368,0.7677249908447266,0.387552261352539,1.3825997972930355,0.998680591583252,0.827245831489563,0.0459698811173439,1.583632867840277,-138,0.10749998688697815,0.014999985694885254,0.9991980195045472,0.767724922904641,0.3796768374741077,1.3825996509768095,0.9986804723739624,0.827245804703864,0.0380952637642622,1.5836327571675235,10.749998688697815
CSBM-H0.5,GCN,5,128,2,2,0,0.5,0.5004213452339172,39,0.492499977350235,0.5099999904632568,4.106760025024414e-05,4.3359945266274735e-05,0.0087479492649436,9.117843077761544e-05,-2.384185791015625e-07,-5.39021236534154e-08,0.0090416958555579,8.704672980092452e-11,2,0.5199999809265137,0.5324999690055847,0.9999995827674866,0.7592599987983704,0.5879955291748047,1.4860445906757882,0.998720407485962,0.8481022119522095,0.0438023805618286,1.588041346870029,-37,0.027500003576278687,0.02249997854232788,0.9999585151672363,0.7592166388531041,0.5792475799098611,1.4859534122450107,0.9987206459045411,0.8481022658543331,0.0347606847062707,1.5880413467829821,2.7500003576278687
CSBM-H0.5,GCN,5,128,3,3,0,0.5,0.4970986545085907,28,0.5,0.5274999737739563,0.0003014802932739,0.0003329477622173,0.0083891991525888,0.0007897988105422,0.0,-1.3308540935952353e-08,0.0080070346593856,8.022178905451034e-09,9,0.5099999904632568,0.5625,0.9986348748207092,0.807699978351593,0.1159559041261673,1.4215744421063723,1.000253200531006,0.8486587405204773,0.0535609796643257,1.6151686690988707,-19,0.009999990463256836,0.0350000262260437,0.9983333945274353,0.8073670305893758,0.1075667049735785,1.42078464329583,1.000253200531006,0.8486587538290182,0.0455539450049401,1.6151686610766918,0.9999990463256836
CSBM-H0.5,GCN,5,128,4,4,0,0.5,0.4937012493610382,27,0.5074999928474426,0.5099999904632568,0.000232994556427,0.000242927839281,0.008354433812201,0.000682495936008,1.1920928955078125e-07,9.759202868053762e-08,0.0078552383929491,2.622771006302253e-07,141,0.4949999749660492,0.5450000166893005,0.9994977116584778,0.8309122323989868,0.0501635335385799,1.585005500717284,0.9988640546798706,0.8463383316993713,0.046334970742464,1.6273511247658197,114,-0.012500017881393433,0.0350000262260437,0.9992647171020508,0.8306693045597058,0.0418090997263789,1.584323004781276,0.998863935470581,0.8463382341073427,0.038479732349514906,1.627350862488719,-1.2500017881393433
CSBM-H0.5,GCN,5,128,5,5,0,0.5,0.5015702247619629,46,0.5224999785423279,0.5174999833106995,1.8358230590820312e-05,1.88019603228895e-05,0.0079213334247469,3.920340603224487e-05,0.0,5.452097440183934e-09,0.0081045059487223,3.2645269778592403e-09,142,0.5199999809265137,0.5799999833106995,0.9989701509475708,0.8431425094604492,0.0379719659686088,1.5810272419967053,0.9970046281814576,0.8400647640228271,0.0416857078671455,1.573931585541262,96,-0.002499997615814209,0.0625,0.99895179271698,0.8431237075001263,0.0300506325438619,1.5809880385906732,0.9970046281814576,0.8400647585707297,0.0335812019184232,1.573931582276735,-0.2499997615814209
CSBM-H0.5,GCN,6,128,1,1,0,0.5,0.49922752380371094,15,0.4899999797344208,0.5299999713897705,0.0007234811782836,0.0007503380766138,0.008844718337059,0.0029071727962132,7.152557373046875e-07,6.562184466929466e-07,0.0078281499445438,1.378318129596037e-06,23,0.5724999904632568,0.5674999952316284,0.9881651401519777,0.7872997522354126,0.0229855012148618,1.3682161853363914,0.9950626492500304,0.8336455225944519,0.0341677814722061,1.6251702196909996,8,0.08250001072883606,0.03750002384185791,0.9874416589736941,0.7865494141587988,0.0141407828778028,1.3653090125401783,0.9950619339942931,0.8336448663760052,0.0263396315276623,1.62516884137287,8.250001072883606
CSBM-H0.5,GCN,6,128,2,2,0,0.5,0.5004213452339172,15,0.5174999833106995,0.512499988079071,0.000676155090332,0.0006821928545832,0.0087166288867592,0.0015144103015077,1.1920928955078125e-07,1.3854467795226812e-08,0.0079703582450747,2.185214135671487e-08,167,0.5575000047683716,0.5424999594688416,0.9961782693862916,0.8132811188697815,0.0320178791880607,1.5178065827553626,0.9935330748558044,0.8178918361663818,0.032453529536724,1.536418565422575,152,0.04000002145767212,0.029999971389770508,0.9955021142959596,0.8125989260151983,0.0233012503013015,1.516292172453855,0.9935329556465149,0.817891822311914,0.0244831712916493,1.5364185435704336,4.000002145767212
CSBM-H0.5,GCN,6,128,3,3,0,0.5,0.4970986545085907,112,0.48499998450279236,0.512499988079071,1.4066696166992188e-05,1.593158594914712e-05,0.0078210970386862,3.6153874080892976e-05,2.384185791015625e-07,2.3456968278878779e-07,0.0078349420800805,4.939187544799606e-07,2,0.5550000071525574,0.5774999856948853,1.0004839897155762,0.7243605852127075,0.5571193695068359,1.3955339682069534,0.9989379048347472,0.8314269781112671,0.0317696370184421,1.5884417918049432,-110,0.07000002264976501,0.06499999761581421,1.0004699230194092,0.7243446536267584,0.5492982724681498,1.3954978143328725,0.9989376664161681,0.8314267435415843,0.023934694938361596,1.5884412978861886,7.0000022649765015
CSBM-H0.5,GCN,6,128,4,4,0,0.5,0.4937012493610382,8,0.4949999749660492,0.512499988079071,0.0007076263427734,0.0007283212034963,0.0102815721184015,0.0028940135401632,0.0,2.920043584708765e-08,0.007910719141364,4.747188693198076e-08,188,0.5074999928474426,0.5799999833106995,0.989451825618744,0.8206592798233032,0.0324950069189071,1.555536361015675,0.989451825618744,0.8206592798233032,0.0324950069189071,1.555536361015675,180,0.012500017881393433,0.06749999523162842,0.9887441992759706,0.8199309586198069,0.022213434800505603,1.5526423474755118,0.989451825618744,0.8206592506228674,0.024584287777543103,1.555536313543788,1.2500017881393433
CSBM-H0.5,GCN,6,128,5,5,0,0.5,0.5015702247619629,70,0.5374999642372131,0.5174999833106995,2.5987625122070312e-05,2.7722040613298304e-05,0.0079364497214555,5.77878476977534e-05,1.1920928955078125e-07,1.6905957522794782e-08,0.0079699140042066,9.343393231160876e-09,93,0.550000011920929,0.5774999856948853,0.9954193234443665,0.8139660358428955,0.0229012966156005,1.4930206352190605,1.0002764463424685,0.8201778531074524,0.0246066898107528,1.5216579940745731,23,0.01250004768371582,0.06000000238418579,0.9953933358192444,0.8139383138022822,0.014964846894145,1.4929628473713628,1.000276327133179,0.8201778362014949,0.016636775806546197,1.52165798473118,1.250004768371582
CSBM-H0.5,GCN,7,128,1,1,0,0.5,0.49922752380371094,50,0.4749999940395355,0.5224999785423279,2.062320709228516e-05,2.2056197849451564e-05,0.0079437205567955,4.775920338763133e-05,0.0,1.020096451753716e-08,0.0079841017723083,9.755670873890111e-09,25,0.5525000095367432,0.5575000047683716,0.9858735799789428,0.7934003472328186,0.0156231075525283,1.4154667291037346,0.990184247493744,0.7838452458381653,0.0274391900748014,1.462825046573606,-25,0.07750001549720764,0.0350000262260437,0.9858529567718505,0.7933782910349692,0.0076793869957328,1.415418969900347,0.990184247493744,0.7838452356372008,0.019455088302493102,1.462825036817935,7.750001549720764
CSBM-H0.5,GCN,7,128,2,2,0,0.5,0.5004213452339172,25,0.4975000023841858,0.5099999904632568,0.0001775622367858,0.000188696096302,0.008206482976675,0.0003891863345244,2.384185791015625e-07,-3.3497141060934155e-08,0.0081133199855685,2.3150784819304502e-09,3,0.5149999856948853,0.5424999594688416,1.0001919269561768,0.7061068415641785,0.5419382452964783,1.362095335916932,1.0004839897155762,0.8223360180854797,0.0252532102167606,1.527589793846574,-22,0.017499983310699463,0.03249996900558472,1.0000143647193909,0.7059181454678765,0.5337317623198032,1.3617061495824077,1.000483751296997,0.8223360515826208,0.017139890231192098,1.5275897915314953,1.7499983310699463
CSBM-H0.5,GCN,7,128,3,3,0,0.5,0.4970986545085907,21,0.5199999809265137,0.5399999618530273,0.0005285143852233,0.0005762719083577,0.0083844643086195,0.0014358415603317,1.1920928955078125e-07,-2.6280082110474723e-08,0.0120686823502182,9.384663167885913e-12,6,0.5424999594688416,0.574999988079071,0.9933338761329652,0.7530439496040344,0.2182716131210327,1.3031115332018857,0.9975282549858092,0.8162710070610046,0.0250321980565786,1.5270437627265747,-15,0.02249997854232788,0.0350000262260437,0.9928053617477419,0.7524676776956767,0.2098871488124132,1.301675691641554,0.9975281357765197,0.8162710333410867,0.0129635157063604,1.52704376271719,2.249997854232788
CSBM-H0.5,GCN,7,128,4,4,0,0.5,0.4937012493610382,2,0.4699999988079071,0.512499988079071,0.0012856721878051,0.0011781251523643,0.0146145010367035,0.0101595103349135,1.1920928955078125e-07,1.097578845588032e-07,0.0078525897115468,2.0281243437015405e-07,83,0.4749999940395355,0.5374999642372131,0.9951597452163696,0.781877875328064,0.0185468662530183,1.395084094168874,0.9962024092674256,0.7948896288871765,0.019830172881484,1.4354836209981787,81,0.004999995231628418,0.02499997615814209,0.9938740730285646,0.7806997501756997,0.0039323652163148,1.3849245838339606,0.9962022900581361,0.794889519129292,0.0119775831699372,1.4354834181857443,0.4999995231628418
CSBM-H0.5,GCN,7,128,5,5,0,0.5,0.5015702247619629,76,0.5399999618530273,0.5199999809265137,0.0,6.19132478618667e-08,0.0078760329633951,1.0818939959572585e-07,0.0,-3.0864516276096765e-08,0.0088668698444962,1.1198580567540859e-10,60,0.5249999761581421,0.5699999928474426,0.9975445866584778,0.7748294472694397,0.0211639758199453,1.387050568989428,0.9971882700920104,0.8021552562713623,0.0240407716482877,1.4799649379335258,-16,-0.014999985694885254,0.050000011920928955,0.9975445866584778,0.7748293853561918,0.013287942856550201,1.3870504608000283,0.9971882700920104,0.8021552871358786,0.0151739018037915,1.47996493782154,-1.4999985694885254
CSBM-H0.5,GCN,8,128,1,1,0,0.5,0.49922752380371094,91,0.4675000011920929,0.5224999785423279,1.0728836059570312e-06,1.221997649736295e-06,0.0078329890966415,2.627256303302542e-06,0.0,1.2740808408295834e-08,0.0080152265727519,9.368100929299089e-09,40,0.5299999713897705,0.5649999976158142,0.9858953952789308,0.7924711108207703,0.0178167968988418,1.4338042958755717,0.9933598041534424,0.8108733296394348,0.0239469576627016,1.5562715351477396,-51,0.06249997019767761,0.04250001907348633,0.9858943223953248,0.7924698888231205,0.009983807802200298,1.4338016686192683,0.9933598041534424,0.8108733168986264,0.015931731089949698,1.5562715257796387,6.249997019767761
CSBM-H0.5,GCN,8,128,2,2,0,0.5,0.5004213452339172,40,0.4949999749660492,0.5099999904632568,0.0003784894943237,0.0003929194353986,0.0080736717209219,0.0008061423629273,2.384185791015625e-07,2.7253914680613892e-08,0.0080101732164621,5.252779065147094e-09,147,0.5199999809265137,0.5374999642372131,0.9941219687461852,0.8294732570648193,0.0183255579322576,1.5392113487758805,0.9899441003799438,0.8223315477371216,0.0179544258862733,1.5313826765882266,107,0.025000005960464478,0.0274999737739563,0.9937434792518615,0.8290803376294207,0.0102518862113357,1.5384052064129532,0.9899438619613647,0.8223315204832069,0.0099442526698112,1.5313826713354475,2.5000005960464478
CSBM-H0.5,GCN,8,128,3,3,0,0.5,0.4970986545085907,65,0.48499998450279236,0.512499988079071,3.0994415283203125e-06,3.4999452509509865e-06,0.0079865986481308,7.0027353396272985e-06,0.0,-3.646989554795255e-08,0.0099677527323365,1.8155563512696718e-11,40,0.5525000095367432,0.5600000023841858,0.9927627444267272,0.8164422512054443,0.0155888171866536,1.4643679057100525,0.997574746608734,0.8407235741615295,0.02425167709589,1.5617627110237933,-25,0.0675000250339508,0.047500014305114746,0.9927596449851989,0.8164387512601934,0.0076022185385228,1.4643609029747129,0.997574746608734,0.8407236106314251,0.0142839243635535,1.5617627110056378,6.750002503395081
CSBM-H0.5,GCN,8,128,4,4,0,0.5,0.4937012493610382,19,0.492499977350235,0.5099999904632568,0.000152051448822,0.0001567303406773,0.0086324224248528,0.0004309720222131,2.384185791015625e-07,2.33752466272108e-08,0.0079996297135949,5.971567046699257e-09,126,0.48749998211860657,0.5649999976158142,0.9984208941459656,0.7874252200126648,0.0250556878745555,1.4555606693884762,1.0002590417861938,0.7911302447319031,0.0251721460372209,1.4725813464385276,107,-0.004999995231628418,0.05500000715255737,0.9982688426971436,0.7872684896719875,0.0164232654497027,1.455129697366263,1.0002588033676147,0.7911302213566564,0.017172516323626,1.4725813404669605,-0.4999995231628418
CSBM-H0.5,GCN,8,128,5,5,0,0.5,0.5015702247619629,148,0.5399999618530273,0.5199999809265137,0.0,1.105275337920375e-08,0.0091968523338437,1.0199850887352332e-10,2.384185791015625e-07,1.0954704698917794e-08,0.0080661280080676,3.861232322830107e-09,192,0.5274999737739563,0.5724999904632568,0.9953070282936096,0.8031490445137024,0.0243286248296499,1.4636610828840466,0.9953070282936096,0.8031490445137024,0.0243286248296499,1.4636610828840466,44,-0.012499988079071045,0.052500009536743164,0.9953070282936096,0.803149033460949,0.015131772495806202,1.4636610827820482,0.9953067898750305,0.8031490335589977,0.016262496821582303,1.4636610790228144,-1.2499988079071045
CSBM-H0.5,GraphSAGE,2,128,1,1,0,0.5,0.49922752380371094,3,0.6699999570846558,0.6875,0.9845905303955078,0.9849810004234314,0.6472366452217102,1.9638576305252409,0.817732572555542,0.8138936161994934,0.5606803894042969,1.630124025690423,5,0.6624999642372131,0.6850000023841858,1.0004217624664309,0.999616265296936,0.6040657758712769,1.995919941883073,1.000585913658142,1.0028574466705322,0.5826635360717773,1.9904941292089608,2,-0.007499992847442627,-0.002499997615814209,0.015831232070923074,0.014635264873504639,-0.04317086935043335,0.03206231135783222,0.1828533411026001,0.18896383047103882,0.02198314666748047,0.3603701035185378,-0.7499992847442627
CSBM-H0.5,GraphSAGE,2,128,2,2,0,0.5,0.5004213452339172,14,0.6850000023841858,0.6725000143051147,0.9842110276222228,0.9837133288383484,0.6069336533546448,1.964394106344561,0.7981322407722473,0.8005805611610413,0.5649431943893433,1.60343307336273,19,0.6875,0.6674999594688416,1.000507116317749,0.9997016191482544,0.5058115720748901,2.002935291211394,1.000144600868225,1.00165057182312,0.5920892357826233,1.987259859491528,5,0.002499997615814209,-0.005000054836273193,0.016296088695526234,0.015988290309906006,-0.10112208127975464,0.03854118486683311,0.20201236009597778,0.20107001066207864,0.02714604139328003,0.38382678612879806,0.2499997615814209
CSBM-H0.5,GraphSAGE,2,128,3,3,0,0.5,0.4970986545085907,9,0.6524999737739563,0.6649999618530273,0.9822441339492798,0.9826582074165344,0.6141905188560486,1.965165414792974,0.8255132436752319,0.8250044584274292,0.5494301915168762,1.6541559747680286,25,0.6549999713897705,0.6674999594688416,1.0006136894226074,1.0039719343185425,0.5228478908538818,2.003382326180436,1.0005229711532593,1.0008386373519895,0.5715723037719727,1.986265892020538,16,0.002499997615814209,0.002499997615814209,0.018369555473327637,0.021313726902008057,-0.09134262800216675,0.038216911387462194,0.17500972747802734,0.17583417892456032,0.022142112255096436,0.3321099172525095,0.2499997615814209
CSBM-H0.5,GraphSAGE,2,128,4,4,0,0.5,0.4937012493610382,16,0.6725000143051147,0.6775000095367432,0.9809998273849488,0.98464035987854,0.6020034551620483,1.965572886617473,0.8081998825073242,0.8115941882133484,0.5671315789222717,1.6257443273623648,158,0.6499999761581421,0.6875,1.0004552602767944,1.0071260929107666,0.5987815856933594,1.997199295949684,1.0004414319992063,1.0087344646453855,0.5928553938865662,1.999895572631232,142,-0.022500038146972656,0.009999990463256836,0.019455432891845592,0.022485733032226562,-0.003221869468688965,0.03162640933221095,0.1922415494918821,0.19714027643203713,0.025723814964294434,0.3741512452688671,-2.2500038146972656
CSBM-H0.5,GraphSAGE,2,128,5,5,0,0.5,0.5015702247619629,16,0.6649999618530273,0.675000011920929,0.9827455282211304,0.9781661033630372,0.5991491675376892,1.9464988630067828,0.818692147731781,0.8141796588897705,0.5607983469963074,1.6279119673716855,3,0.6825000047683716,0.6850000023841858,1.00035560131073,0.9984058141708374,0.6342217922210693,1.9931235292922047,1.0003949403762815,0.9975751638412476,0.5903123617172241,1.974268308020225,-13,0.01750004291534424,0.009999990463256836,0.01761007308959961,0.020239710807800182,0.03507262468338013,0.046624666285421945,0.1817027926445005,0.18339550495147705,0.029514014720916748,0.3463563406485395,1.7500042915344238
CSBM-H0.5,GraphSAGE,3,128,1,1,0,0.5,0.49922752380371094,9,0.6449999809265137,0.6674999594688416,0.037276268005371,0.0373645611107349,0.6107292175292969,0.1040383420940837,0.4081392288208008,0.400166243314743,0.1870133280754089,0.991195008463696,3,0.6599999666213989,0.6499999761581421,1.0003482103347778,0.9932332634925842,0.7221582531929016,1.976485773896784,0.998836874961853,1.0019527673721311,0.4213737249374389,1.9820583384445187,-6,0.014999985694885254,-0.017499983310699463,0.9630719423294068,0.9558687023818493,0.11142903566360474,1.8724474318027002,0.5906976461410522,0.6017865240573881,0.23436039686203,0.9908633299808227,1.4999985694885254
CSBM-H0.5,GraphSAGE,3,128,2,2,0,0.5,0.5004213452339172,18,0.6949999928474426,0.6624999642372131,0.0217702984809875,0.0224146600812673,0.4625448286533355,0.0853773535453476,0.3725703954696655,0.3710940778255462,0.1665934473276138,0.9273817383139348,3,0.6825000047683716,0.6624999642372131,1.000420093536377,1.0004152059555054,0.7297136783599854,1.994835803663972,0.9993036389350892,0.9912524819374084,0.4582717418670654,1.979337186329157,-15,-0.012499988079071045,0.0,0.9786497950553894,0.978000545874238,0.26716884970664984,1.9094584501186243,0.6267332434654237,0.6201584041118622,0.2916782945394516,1.0519554480152222,-1.2499988079071045
CSBM-H0.5,GraphSAGE,3,128,3,3,0,0.5,0.4970986545085907,11,0.6699999570846558,0.6725000143051147,0.0395845770835876,0.0394376628100872,0.6070619225502014,0.1019265337950284,0.3899168372154236,0.392085313796997,0.2053819596767425,0.96525588594145,5,0.6574999690055847,0.6800000071525574,0.9999447464942932,0.9990496039390564,0.5960232615470886,1.996388634134053,0.9992348551750184,0.9938536286354064,0.4097483158111572,1.9769516926719104,-6,-0.012499988079071045,0.007499992847442627,0.9603601694107056,0.9596119411289692,-0.011038661003112793,1.8944621003390247,0.6093180179595948,0.6017683148384094,0.20436635613441473,1.0116958067304604,-1.2499988079071045
CSBM-H0.5,GraphSAGE,3,128,4,4,0,0.5,0.4937012493610382,10,0.6474999785423279,0.6775000095367432,0.0422122478485107,0.0431961491703987,0.5937338471412659,0.1187909085799968,0.571688175201416,0.5776747465133667,0.1754921972751617,1.3595282094987042,4,0.6549999713897705,0.675000011920929,0.9999213814735411,1.007130742073059,0.6384211182594299,2.0133611209679474,0.999674379825592,1.0063270330429075,0.4337445795536041,2.0054286471107576,-6,0.007499992847442627,-0.002499997615814209,0.9577091336250304,0.9639345929026604,0.04468727111816406,1.8945702123879506,0.427986204624176,0.4286522865295408,0.25825238227844244,0.6459004376120534,0.7499992847442627
CSBM-H0.5,GraphSAGE,3,128,5,5,0,0.5,0.5015702247619629,128,0.6299999952316284,0.6699999570846558,0.3442019820213318,0.3416657745838165,0.2274705916643142,0.8461839104269178,0.4530801773071289,0.4418191909790039,0.1987792253494262,1.0683704493440809,8,0.6725000143051147,0.6775000095367432,0.9995271563529968,0.988214671611786,0.3487018346786499,1.933918928761868,0.9993104338645936,0.991086483001709,0.4242577850818634,1.9414919456697044,-120,0.04250001907348633,0.007500052452087402,0.655325174331665,0.6465488970279696,0.12123124301433572,1.0877350183349503,0.5462302565574647,0.5492672920227051,0.22547855973243722,0.8731214963256235,4.250001907348633
CSBM-H0.5,GraphSAGE,4,128,1,1,0,0.5,0.49922752380371094,13,0.6349999904632568,0.6599999666213989,0.1106046438217163,0.113722875714302,0.0201788060367107,0.2785249473812795,0.8588718175888062,0.8628653883934021,0.0208496879786252,1.7842866041599943,5,0.6775000095367432,0.6825000047683716,0.988025963306427,0.975549340248108,0.4858273863792419,1.9520009460690004,0.9924787282943726,0.9960365891456604,0.1141319125890731,1.9929473076428583,-8,0.04250001907348633,0.022500038146972656,0.8774213194847107,0.8618264645338061,0.4656485803425312,1.673475998687721,0.1336069107055664,0.1331712007522583,0.0932822246104479,0.20866070348286403,4.250001907348633
CSBM-H0.5,GraphSAGE,4,128,2,2,0,0.5,0.5004213452339172,13,0.7124999761581421,0.6699999570846558,0.1127868890762329,0.1171920225024223,0.0247465167194604,0.5758706655185855,0.7301812171936035,0.7153027653694153,0.0197108499705791,1.4178084544919267,108,0.6549999713897705,0.675000011920929,0.994346559047699,0.9825979471206664,0.1338044106960296,1.9744660996294543,0.9943562746047974,0.9755488634109496,0.1342782229185104,1.949928643963508,95,-0.05750000476837158,0.005000054836273193,0.8815596699714661,0.8654059246182441,0.1090578939765692,1.3985954341108688,0.26417505741119385,0.2602460980415343,0.11456737294793132,0.5321201894715812,-5.750000476837158
CSBM-H0.5,GraphSAGE,4,128,3,3,0,0.5,0.4970986545085907,11,0.6574999690055847,0.6825000047683716,0.0765510201454162,0.0785621106624603,0.0725500807166099,0.2650883784067988,0.7465517520904541,0.7391974329948425,0.0204748213291168,1.4520784100535238,164,0.6549999713897705,0.6624999642372131,0.991333544254303,0.9904869198799132,0.110100045800209,2.004734177986281,0.9934462308883668,0.9842750430107116,0.111350767314434,1.942239959325594,153,-0.002499997615814209,-0.020000040531158447,0.9147825241088867,0.9119248092174529,0.037549965083599104,1.739645799579482,0.2468944787979127,0.24507761001586903,0.0908759459853172,0.4901615492720701,-0.2499997615814209
CSBM-H0.5,GraphSAGE,4,128,4,4,0,0.5,0.4937012493610382,26,0.6599999666213989,0.6674999594688416,0.2874985933303833,0.2938760221004486,0.0249848682433366,0.9996320724302212,0.6897643804550171,0.688910961151123,0.0218826904892921,1.3464418516137082,85,0.6100000143051147,0.6825000047683716,0.9931215643882751,1.0034488439559937,0.1305233836174011,2.0022181358444,0.9948039054870604,1.0057339668273926,0.1190181002020835,2.0202737724609148,59,-0.04999995231628418,0.01500004529953003,0.7056229710578918,0.709572821855545,0.1055385153740645,1.0025860634141786,0.30503952503204335,0.31682300567626953,0.0971354097127914,0.6738319208472066,-4.999995231628418
CSBM-H0.5,GraphSAGE,4,128,5,5,0,0.5,0.5015702247619629,11,0.6875,0.6649999618530273,0.1073696017265319,0.1099293753504753,0.1141990050673484,0.4150736797014172,0.7743043899536133,0.7704601883888245,0.0246402882039546,1.5684500291169574,8,0.6800000071525574,0.6674999594688416,0.9908775091171264,0.9715074300765992,0.1821910887956619,1.9058465731349592,0.9915695190429688,0.9827752113342284,0.1155212149024009,1.9524985727601452,-3,-0.007499992847442627,0.002499997615814209,0.8835079073905945,0.8615780547261239,0.0679920837283135,1.490772893433542,0.21726512908935547,0.21231502294540394,0.0908809266984463,0.38404854364318775,-0.7499992847442627
CSBM-H0.5,GraphSAGE,5,128,1,1,0,0.5,0.49922752380371094,27,0.6775000095367432,0.6800000071525574,0.3725508451461792,0.3659882545471191,0.0202111303806304,1.0217791805716092,0.8262932896614075,0.8329412341117859,0.0136704463511705,1.7768508815846864,3,0.612500011920929,0.6524999737739563,0.9993388056755066,1.0028952360153198,0.7346622943878174,1.9925895675135548,0.9987757205963136,1.0009942054748535,0.0350493267178535,2.012370412862082,-24,-0.06499999761581421,-0.027500033378601074,0.6267879605293274,0.6369069814682007,0.714451164007187,0.9708103869419455,0.17248243093490612,0.16805297136306763,0.021378880366683,0.23551953127739567,-6.499999761581421
CSBM-H0.5,GraphSAGE,5,128,2,2,0,0.5,0.5004213452339172,40,0.625,0.6800000071525574,0.4878297448158264,0.495556116104126,0.0196540355682373,1.264904808865419,0.802712082862854,0.8021406531333923,0.0149899534881114,1.744308627701131,99,0.6524999737739563,0.675000011920929,0.9987757205963136,0.9858365654945374,0.0317440256476402,1.9542513423616457,0.99806809425354,0.9866358041763306,0.0306340437382459,1.956128157488592,59,0.0274999737739563,-0.004999995231628418,0.5109459757804872,0.4902804493904114,0.0120899900794029,0.6893465334962268,0.19535601139068604,0.18449515104293823,0.015644090250134503,0.211819529787461,2.74999737739563
CSBM-H0.5,GraphSAGE,5,128,3,3,0,0.5,0.4970986545085907,18,0.6624999642372131,0.6674999594688416,0.0325401425361633,0.0335324816405773,0.0375587865710258,0.0710124645865395,0.7408613562583923,0.7361575961112976,0.0149693731218576,1.5680141356277126,27,0.6599999666213989,0.675000011920929,1.0000158548355105,0.998207151889801,0.0212806705385446,1.9888683278840644,0.9981438517570496,0.9970282912254332,0.0302479211241006,1.9687846546844443,9,-0.002499997615814209,0.007500052452087402,0.9674757122993471,0.9646746702492237,-0.0162781160324812,1.9178558632975249,0.2572824954986572,0.26087069511413563,0.015278548002242999,0.40077051905673167,-0.2499997615814209
CSBM-H0.5,GraphSAGE,5,128,4,4,0,0.5,0.4937012493610382,151,0.6499999761581421,0.6825000047683716,0.6612316370010376,0.6724270582199097,0.0163353346288204,1.525677381547945,0.8123711347579956,0.8187137842178345,0.0145546542480587,1.7578685767138522,6,0.6274999976158142,0.6850000023841858,0.9978025555610656,1.0050737857818604,0.5969555974006653,2.024584220270284,0.996159017086029,1.00965416431427,0.0325240828096866,2.0199618039807854,-145,-0.02249997854232788,0.002499997615814209,0.33657091856002797,0.3326467275619507,0.5806202627718449,0.4989068387223392,0.18378788232803345,0.19094038009643555,0.0179694285616279,0.2620932272669332,-2.249997854232788
CSBM-H0.5,GraphSAGE,5,128,5,5,0,0.5,0.5015702247619629,26,0.6674999594688416,0.6850000023841858,0.2779678702354431,0.2781138718128204,0.015159448608756,0.9992238707551936,0.5621328949928284,0.5552531480789185,0.0126436874270439,1.1939692324903095,12,0.6624999642372131,0.6725000143051147,0.982061505317688,0.9588228464126588,0.1015501171350479,1.9298529563669684,0.9952128529548644,0.9911181330680848,0.0294553786516189,1.947958010734246,-14,-0.004999995231628418,-0.012499988079071045,0.7040936350822449,0.6807089745998385,0.0863906685262919,0.9306290856117748,0.433079957962036,0.43586498498916637,0.016811691224575,0.7539887782439365,-0.4999995231628418
CSBM-H0.5,GraphSAGE,6,128,1,1,0,0.5,0.49922752380371094,37,0.637499988079071,0.6699999570846558,0.0038672089576721,0.0035256454721093,0.0137243596836924,0.0084584308069317,0.3514565229415893,0.3557941913604736,0.011652797460556,1.0495262085696655,11,0.6324999928474426,0.6574999690055847,0.8950905799865723,0.8742823004722595,0.1388004422187805,1.8919770531973263,0.9957152009010316,1.00127112865448,0.021455081179738,1.9760677993782612,-26,-0.004999995231628418,-0.012499988079071045,0.8912233710289001,0.8707566550001502,0.1250760825350881,1.8835186223903946,0.6442586779594424,0.6454769372940063,0.009802283719181999,0.9265415908085957,-0.4999995231628418
CSBM-H0.5,GraphSAGE,6,128,2,2,0,0.5,0.5004213452339172,32,0.6850000023841858,0.6624999642372131,0.4978841543197632,0.5059966444969177,0.0151735357940196,1.2261976266351444,0.7767156958580017,0.7746104598045349,0.0138536924496293,1.68110981730853,82,0.6599999666213989,0.6674999594688416,0.9955697655677797,0.9844637513160706,0.0254478175193071,1.990066237204976,0.9945152401924132,0.9826510548591614,0.0226271264255046,1.9684660029179009,50,-0.025000035762786865,0.004999995231628418,0.49768561124801647,0.47846710681915283,0.010274281725287498,0.7638686105698316,0.2177995443344115,0.20804059505462646,0.008773433975875301,0.28735618560937093,-2.5000035762786865
CSBM-H0.5,GraphSAGE,6,128,3,3,0,0.5,0.4970986545085907,1,0.5,0.5,0.0005896091461181,0.0005803753738291,0.4156543314456939,0.001506570833666,1.1920928955078125e-07,4.171113232587231e-09,0.0173680018633604,1.5032683229207884e-10,9,0.6699999570846558,0.6725000143051147,0.9314205050468444,0.9528806805610656,0.0987299904227256,2.1166073218639654,0.9991496205329896,1.0012354850769043,0.0210846755653619,2.0011211685138925,8,0.16999995708465576,0.17250001430511475,0.9308308959007263,0.9523003051872365,-0.3169243410229683,2.1151007510302993,0.9991495013237001,1.001235480905791,0.003716673702001499,2.0011211683635657,16.999995708465576
CSBM-H0.5,GraphSAGE,6,128,4,4,0,0.5,0.4937012493610382,38,0.6524999737739563,0.6899999976158142,0.0012940764427185,0.0011346548562869,0.0134555492550134,0.0025961512738806,0.4815266132354736,0.4911458194255829,0.0104089761152863,1.2249047515719529,62,0.6649999618530273,0.6825000047683716,0.9959825277328492,1.006569743156433,0.0192403011023998,2.0281608003647342,0.9960010647773744,1.0011698007583618,0.0207636449486017,1.9637480372838436,24,0.012499988079071045,-0.007499992847442627,0.9946884512901307,1.0054350883001462,0.005784751847386398,2.0255646490908537,0.5144744515419009,0.5100239813327789,0.010354668833315398,0.7388432857118907,1.2499988079071045
CSBM-H0.5,GraphSAGE,6,128,5,5,0,0.5,0.5015702247619629,23,0.6524999737739563,0.6725000143051147,0.0003697872161865,0.0003299720701761,0.0189322493970394,0.0007914998817126,0.4965094923973083,0.4988793432712555,0.0109940525144338,1.182908033556774,15,0.6850000023841858,0.6549999713897705,0.9921658635139464,0.9713234305381776,0.0282946527004241,1.921079668670722,0.9946028590202332,0.9854610562324524,0.0237034074962139,1.912892475571056,-8,0.03250002861022949,-0.01750004291534424,0.9917960762977599,0.9709934584680014,0.009362403303384701,1.9202881687890094,0.49809336662292486,0.4865817129611969,0.012709354981780099,0.7299844420142818,3.250002861022949
CSBM-H0.5,GraphSAGE,7,128,1,1,0,0.5,0.49922752380371094,1,0.5,0.5,0.0001710057258605,0.0001647243334446,0.3689870238304138,0.000415104256376,1.788139343261719e-07,-1.1840722891065525e-07,0.0134246284142136,2.0042987342672296e-16,6,0.6549999713897705,0.6524999737739563,0.9926464557647704,0.9810804128646852,0.6328861713409424,1.9485790543942263,0.9996158480644226,0.9986872673034668,0.0248665679246187,2.0098156351233536,5,0.1549999713897705,0.1524999737739563,0.9924754500389099,0.9809156885312406,0.26389914751052856,1.9481639501378503,0.9996156692504883,0.9986873857106957,0.0114419395104051,2.0098156351233536,15.49999713897705
CSBM-H0.5,GraphSAGE,7,128,2,2,0,0.5,0.5004213452339172,34,0.5199999809265137,0.5450000166893005,5.4836273193359375e-06,3.869542069878662e-06,0.0117923906072974,1.1024222596764734e-05,0.0,8.178538735137408e-09,0.0124636432155966,5.031598860393095e-10,127,0.6449999809265137,0.6649999618530273,0.9964469075202942,0.9830564856529236,0.02554452419281,1.9594203295917296,0.9976821541786194,0.9711134433746338,0.023596953600645,1.8912326547369749,93,0.125,0.1199999451637268,0.9964414238929749,0.9830526161108537,0.0137521335855126,1.9594093053691328,0.9976821541786194,0.971113435196095,0.0111333103850484,1.891232654233815,12.5
CSBM-H0.5,GraphSAGE,7,128,3,3,0,0.5,0.4970986545085907,1,0.5,0.5,0.0003200769424438,0.0003075290005654,0.4230601489543915,0.0007421996280964,0.0,4.9160604476128356e-09,0.0754041522741317,2.3577437014221212e-14,76,0.6474999785423279,0.6574999690055847,0.9984058737754822,0.9872976541519164,0.0237797293812036,1.9443684382031707,0.9998605251312256,0.99399596452713,0.0219762548804283,1.9837917373432703,75,0.14749997854232788,0.15749996900558472,0.9980857968330383,0.986990125151351,-0.3992804195731879,1.9436262385750744,0.9998605251312256,0.9939959596110696,-0.053427897393703405,1.9837917373432468,14.749997854232788
CSBM-H0.5,GraphSAGE,7,128,4,4,0,0.5,0.4937012493610382,1,0.5,0.5,8.493661880493164e-05,8.382419764529914e-05,0.3442624807357788,0.0002574692044465,1.1920928955078125e-07,1.7460669354818492e-08,0.0232668798416852,1.0633857326450591e-11,15,0.6399999856948853,0.6624999642372131,0.9802234768867492,0.9921382069587708,0.035696867853403,2.0361889438308007,0.9990267157554626,1.0035061836242676,0.0233823433518409,2.0296975916841022,14,0.13999998569488525,0.16249996423721313,0.9801385402679442,0.9920543827611255,-0.30856561288237583,2.0359314746263544,0.9990265965461731,1.0035061661635982,0.00011546351015569861,2.0296975916734685,13.999998569488525
CSBM-H0.5,GraphSAGE,7,128,5,5,0,0.5,0.5015702247619629,1,0.5,0.5,0.0001729130744934,0.0001647534809308,0.3746950924396515,0.0004345431673454,1.1920928955078125e-07,5.933426638904393e-09,0.015547833405435,5.996022794975297e-10,17,0.6599999666213989,0.675000011920929,0.9939951300621032,0.9786134958267212,0.02248190715909,1.944331761373197,0.9992868900299072,0.986983835697174,0.0208916403353214,1.9545595700814145,16,0.15999996662139893,0.17500001192092896,0.9938222169876098,0.9784487423457904,-0.3522131852805615,1.9438972182058516,0.9992867708206177,0.9869838297637473,0.005343806929886398,1.954559569481812,15.999996662139893
CSBM-H0.5,GraphSAGE,8,128,1,1,0,0.5,0.49922752380371094,1,0.5,0.5,3.987550735473633e-05,3.733043195097707e-05,0.3321649134159088,9.299395982785932e-05,0.0,-2.2552626433025583e-08,0.0601830258965492,2.585979667405332e-15,46,0.6324999928474426,0.6449999809265137,0.993194043636322,0.9876587390899658,0.019283790141344,1.9279273082517916,0.9995440244674684,1.0069859027862549,0.0225649457424879,1.984400790313863,45,0.13249999284744263,0.14499998092651367,0.9931541681289673,0.9876214086580148,-0.3128811232745648,1.9278343142919638,0.9995440244674684,1.0069859253388813,-0.0376180801540613,1.9844007903138603,13.249999284744263
CSBM-H0.5,GraphSAGE,8,128,2,2,0,0.5,0.5004213452339172,1,0.5,0.5,0.000129222869873,0.0001281582080991,0.3690124750137329,0.0002761928197389,0.0,-6.293455978578777e-09,0.00896174646914,2.641053683693593e-17,196,0.6299999952316284,0.6549999713897705,0.9989879727363586,0.9780746102333068,0.0243127513676881,1.9459762929457003,0.9989879727363586,0.9780746102333068,0.0243127513676881,1.9459762929457003,195,0.12999999523162842,0.1549999713897705,0.9988587498664856,0.9779464520252077,-0.3446997236460448,1.9457001001259613,0.9989879727363586,0.9780746165267628,0.015351004898548098,1.9459762929457003,12.999999523162842
CSBM-H0.5,GraphSAGE,8,128,3,3,0,0.5,0.4970986545085907,1,0.5,0.5,1.990795135498047e-05,1.7857892089523375e-05,0.2318333089351654,8.040338863056218e-05,-2.384185791015625e-07,9.846901072307901e-09,0.0194540228694677,1.4370978831387644e-11,47,0.6524999737739563,0.6599999666213989,0.9985104203224182,1.0010576248168943,0.0177959688007831,1.9801195030430083,0.99895840883255,1.003063440322876,0.0231007225811481,2.014270032211136,46,0.1524999737739563,0.15999996662139893,0.9984905123710632,1.0010397669248048,-0.2140373401343823,1.9800390996543777,0.9989586472511292,1.003063430475975,0.0036466997116803984,2.014270032196765,15.24999737739563
CSBM-H0.5,GraphSAGE,8,128,4,4,0,0.5,0.4937012493610382,1,0.5,0.5,4.482269287109375e-05,4.081421866430901e-05,0.2764204740524292,0.000149157886888,1.1920928955078125e-07,5.960464477539064e-08,0.0078127700835466,2.185227524196972e-25,50,0.6499999761581421,0.6800000071525574,0.9998340010643004,1.0147432088851929,0.0178066473454237,2.0215509734249326,0.9987027049064636,1.0009397268295288,0.0235076267272233,1.9536519086606643,49,0.1499999761581421,0.18000000715255737,0.9997891783714293,1.0147023946665286,-0.2586138267070055,2.0214018155380447,0.9987025856971741,1.000939667224884,0.0156948566436767,1.9536519086606643,14.999997615814209
CSBM-H0.5,GraphSAGE,8,128,5,5,0,0.5,0.5015702247619629,1,0.5,0.5,3.0100345611572266e-05,2.78819370578276e-05,0.3169523775577545,8.525615942362773e-05,-1.1920928955078125e-07,0.0,0.0137851266190409,2.7063062400783584e-16,21,0.6725000143051147,0.6624999642372131,0.8621240258216858,0.8025662302970886,0.039536353200674,1.7707810918412732,0.999346137046814,0.988322138786316,0.0249067638069391,1.957055893416685,20,0.17250001430511475,0.16249996423721313,0.8620939254760742,0.8025383483600308,-0.2774160243570805,1.7706958356818496,0.9993462562561035,0.988322138786316,0.0111216371878982,1.9570558934166848,17.250001430511475
